Student_ID,Name,Class,Subject,Exam_Score_1,Exam_Score_2,Exam_Score_3,Attendance_Percentage,Study_Hours_Per_Week,Assignment_Completion_Rate,Participation_Level,Final_Score
STU_001,Ananya Joshi,Grade 9,Math,71.81,72.73,72.94,67.84,9.04,98.28,Medium,67.42
STU_001,Ananya Joshi,Grade 9,Science,74.09,74.0,74.66,70.31,5.52,53.97,Medium,65.95
STU_001,Ananya Joshi,Grade 9,English,91.5,96.65,94.53,97.16,22.28,98.57,Medium,93.05
STU_001,Ananya Joshi,Grade 9,History,96.36,97.64,100.0,72.06,27.36,64.24,High,92.23
STU_001,Ananya Joshi,Grade 9,Art,68.75,76.1,82.45,66.12,8.03,81.75,Low,65.5
STU_002,Tanisha Kapoor,Grade 10,Math,86.28,93.58,98.67,94.7,15.2,92.75,Low,91.46
STU_002,Tanisha Kapoor,Grade 10,Science,64.18,63.26,68.15,90.5,7.33,56.55,Medium,64.75
STU_002,Tanisha Kapoor,Grade 10,English,54.04,55.48,57.19,70.1,4.93,91.86,Medium,55.52
STU_002,Tanisha Kapoor,Grade 10,History,82.81,87.09,88.62,90.55,20.23,78.34,Low,87.06
STU_002,Tanisha Kapoor,Grade 10,Art,75.43,79.33,85.63,90.83,6.03,93.91,Medium,71.75
STU_003,Ishita Verma,Grade 9,Math,56.55,56.11,54.3,63.85,3.22,93.39,High,44.99
STU_003,Ishita Verma,Grade 9,Science,64.88,64.02,62.6,72.57,8.63,82.3,High,63.0
STU_003,Ishita Verma,Grade 9,English,88.1,90.73,92.9,60.17,22.17,95.11,High,80.72
STU_003,Ishita Verma,Grade 9,History,61.25,60.04,59.53,91.57,10.29,68.28,Medium,62.77
STU_003,Ishita Verma,Grade 9,Art,70.56,71.74,71.98,63.51,5.97,55.69,Medium,67.57
STU_004,Sanya Verma,Grade 12,Math,94.89,100.0,100.0,93.66,22.1,56.96,Medium,88.25
STU_004,Sanya Verma,Grade 12,Science,88.67,94.0,90.5,71.39,19.06,80.11,Low,86.09
STU_004,Sanya Verma,Grade 12,English,78.01,80.66,83.19,98.77,11.72,59.55,Medium,76.07
STU_004,Sanya Verma,Grade 12,History,63.32,65.96,66.34,82.96,5.32,79.57,High,59.23
STU_004,Sanya Verma,Grade 12,Art,91.77,97.36,97.44,67.58,23.32,83.39,Medium,89.24
STU_005,Arjun Malhotra,Grade 11,Math,53.67,50.37,46.83,90.91,3.37,86.85,High,52.71
STU_005,Arjun Malhotra,Grade 11,Science,89.71,98.02,99.8,66.93,19.46,50.7,Low,81.21
STU_005,Arjun Malhotra,Grade 11,English,94.02,91.07,91.95,63.41,22.61,86.94,Medium,85.92
STU_005,Arjun Malhotra,Grade 11,History,91.53,88.48,89.53,85.96,23.28,86.09,Low,85.18
STU_005,Arjun Malhotra,Grade 11,Art,88.47,90.8,90.05,76.69,24.86,75.98,Medium,84.79
STU_006,Arjun Kapoor,Grade 11,Math,100.0,100.0,100.0,92.02,28.14,52.13,Low,97.21
STU_006,Arjun Kapoor,Grade 11,Science,62.83,63.11,72.08,86.72,4.22,89.39,Low,59.92
STU_006,Arjun Kapoor,Grade 11,English,78.4,80.23,83.93,89.5,10.45,56.88,Medium,74.02
STU_006,Arjun Kapoor,Grade 11,History,67.94,65.71,67.23,74.77,12.04,83.99,Low,63.29
STU_006,Arjun Kapoor,Grade 11,Art,66.31,68.11,60.39,70.05,3.41,58.9,Low,55.75
STU_007,Siddharth Singh,Grade 11,Math,86.01,87.59,88.6,76.99,21.82,71.99,High,85.57
STU_007,Siddharth Singh,Grade 11,Science,74.29,72.19,72.46,85.96,8.2,88.2,Low,65.91
STU_007,Siddharth Singh,Grade 11,English,72.64,76.43,83.52,91.74,8.79,94.38,Medium,76.07
STU_007,Siddharth Singh,Grade 11,History,61.43,64.29,72.42,70.86,2.1,78.47,Medium,50.48
STU_007,Siddharth Singh,Grade 11,Art,64.29,64.55,61.59,65.92,5.81,86.8,High,58.47
STU_008,Rahul Singh,Grade 10,Math,72.18,77.36,85.53,67.24,11.76,98.64,Medium,70.5
STU_008,Rahul Singh,Grade 10,Science,95.42,96.6,100.0,85.57,19.47,74.55,Medium,88.53
STU_008,Rahul Singh,Grade 10,English,79.01,87.49,93.36,85.67,6.91,89.45,Low,79.03
STU_008,Rahul Singh,Grade 10,History,94.7,97.3,94.16,71.44,25.87,93.44,High,90.24
STU_008,Rahul Singh,Grade 10,Art,63.77,64.59,59.58,63.0,5.13,95.1,High,58.65
STU_009,Ishita Verma,Grade 11,Math,66.2,71.27,73.04,79.87,9.82,68.0,Medium,66.59
STU_009,Ishita Verma,Grade 11,Science,100.0,100.0,100.0,89.67,24.46,79.63,Low,97.67
STU_009,Ishita Verma,Grade 11,English,73.07,76.05,78.85,67.12,16.63,93.52,Low,69.45
STU_009,Ishita Verma,Grade 11,History,100.0,100.0,98.86,92.95,23.77,71.79,Medium,94.74
STU_009,Ishita Verma,Grade 11,Art,59.8,61.67,64.88,63.81,6.3,83.2,High,54.44
STU_010,Tanisha Kapoor,Grade 11,Math,100.0,100.0,100.0,77.96,26.49,56.44,High,96.36
STU_010,Tanisha Kapoor,Grade 11,Science,93.12,96.02,91.21,72.39,28.17,87.48,High,91.35
STU_010,Tanisha Kapoor,Grade 11,English,89.76,87.82,90.67,96.73,15.78,96.62,Low,83.59
STU_010,Tanisha Kapoor,Grade 11,History,86.34,88.58,85.08,77.23,23.11,92.47,Low,82.14
STU_010,Tanisha Kapoor,Grade 11,Art,98.14,100.0,100.0,92.21,27.9,78.16,Low,98.1
STU_011,Arjun Malhotra,Grade 11,Math,67.36,65.71,61.1,83.12,10.85,96.97,Low,60.07
STU_011,Arjun Malhotra,Grade 11,Science,66.75,67.43,65.08,61.58,11.13,59.54,Low,57.81
STU_011,Arjun Malhotra,Grade 11,English,77.93,79.91,81.51,89.08,19.94,78.56,Low,80.05
STU_011,Arjun Malhotra,Grade 11,History,96.51,96.69,95.89,67.83,28.36,69.83,High,88.83
STU_011,Arjun Malhotra,Grade 11,Art,64.77,64.87,62.44,77.26,9.84,65.66,High,61.65
STU_012,Priya Kapoor,Grade 12,Math,70.23,66.85,68.33,93.94,12.44,62.8,High,61.95
STU_012,Priya Kapoor,Grade 12,Science,75.75,77.77,79.07,75.36,11.84,97.31,High,78.2
STU_012,Priya Kapoor,Grade 12,English,72.62,78.73,80.75,86.13,13.53,80.49,Medium,71.04
STU_012,Priya Kapoor,Grade 12,History,90.33,94.58,100.0,74.82,22.01,89.41,Medium,88.69
STU_012,Priya Kapoor,Grade 12,Art,74.66,70.14,72.55,96.49,10.27,81.36,Medium,69.74
STU_013,Siddharth Patel,Grade 12,Math,83.73,83.61,87.36,60.65,18.28,89.59,Low,73.61
STU_013,Siddharth Patel,Grade 12,Science,65.87,66.56,66.93,73.64,4.29,54.4,Low,56.28
STU_013,Siddharth Patel,Grade 12,English,79.71,84.49,89.92,97.92,16.98,90.3,High,85.15
STU_013,Siddharth Patel,Grade 12,History,80.59,85.27,85.22,73.52,18.25,79.07,Low,84.6
STU_013,Siddharth Patel,Grade 12,Art,86.16,92.21,89.95,96.19,20.41,53.81,Low,82.61
STU_014,Tanisha Kapoor,Grade 10,Math,66.07,63.81,58.37,73.79,10.65,67.07,Medium,56.89
STU_014,Tanisha Kapoor,Grade 10,Science,91.53,97.61,97.35,97.68,17.4,57.77,Low,89.92
STU_014,Tanisha Kapoor,Grade 10,English,83.48,86.31,85.47,68.49,15.85,93.76,Medium,78.98
STU_014,Tanisha Kapoor,Grade 10,History,80.28,87.28,94.12,83.75,14.59,61.82,Medium,78.55
STU_014,Tanisha Kapoor,Grade 10,Art,92.37,94.8,96.12,98.34,22.96,83.05,Low,88.19
STU_015,Rahul Singh,Grade 9,Math,63.15,60.71,56.66,96.59,11.17,96.05,Medium,62.54
STU_015,Rahul Singh,Grade 9,Science,77.19,78.32,84.37,65.46,15.67,63.18,High,68.27
STU_015,Rahul Singh,Grade 9,English,92.53,98.45,99.36,77.79,29.55,81.69,Low,91.9
STU_015,Rahul Singh,Grade 9,History,92.78,97.01,100.0,66.95,20.39,51.78,High,88.25
STU_015,Rahul Singh,Grade 9,Art,80.2,83.02,91.16,69.62,20.44,86.09,Medium,79.3
STU_016,Siddharth Sharma,Grade 9,Math,99.52,100.0,100.0,67.95,27.66,88.55,High,91.27
STU_016,Siddharth Sharma,Grade 9,Science,63.77,69.67,65.93,62.11,9.04,83.77,Medium,55.46
STU_016,Siddharth Sharma,Grade 9,English,63.86,64.42,63.18,80.46,7.6,60.53,Medium,58.5
STU_016,Siddharth Sharma,Grade 9,History,70.83,74.77,80.25,65.85,12.17,95.07,Medium,69.07
STU_016,Siddharth Sharma,Grade 9,Art,88.3,92.8,96.35,76.75,25.2,83.31,Medium,86.93
STU_017,Rohan Sharma,Grade 11,Math,59.86,64.1,61.45,85.43,8.03,87.02,High,60.26
STU_017,Rohan Sharma,Grade 11,Science,93.49,100.0,100.0,72.98,25.42,73.42,High,90.84
STU_017,Rohan Sharma,Grade 11,English,64.03,66.31,69.05,75.95,2.87,83.71,Low,59.06
STU_017,Rohan Sharma,Grade 11,History,92.33,93.2,100.0,98.98,24.0,63.67,High,91.48
STU_017,Rohan Sharma,Grade 11,Art,61.44,64.58,71.39,66.48,9.4,70.73,High,61.41
STU_018,Ishita Mehta,Grade 9,Math,89.32,90.46,91.0,95.32,25.41,57.77,Low,89.53
STU_018,Ishita Mehta,Grade 9,Science,100.0,100.0,100.0,97.95,28.66,53.89,Low,98.46
STU_018,Ishita Mehta,Grade 9,English,77.97,74.82,77.46,79.64,16.17,62.19,Low,76.85
STU_018,Ishita Mehta,Grade 9,History,83.09,84.86,86.98,94.04,19.22,78.75,Medium,81.99
STU_018,Ishita Mehta,Grade 9,Art,78.32,81.78,81.01,92.35,14.46,80.67,High,83.02
STU_019,Priya Kapoor,Grade 12,Math,81.12,81.84,91.13,71.2,16.53,95.0,Medium,76.52
STU_019,Priya Kapoor,Grade 12,Science,93.21,93.04,91.97,85.43,28.63,88.72,High,93.12
STU_019,Priya Kapoor,Grade 12,English,100.0,100.0,100.0,80.99,26.18,57.46,Medium,96.17
STU_019,Priya Kapoor,Grade 12,History,69.01,68.73,69.56,61.21,10.14,95.33,High,64.65
STU_019,Priya Kapoor,Grade 12,Art,68.29,71.34,70.49,94.18,5.22,68.26,Low,70.41
STU_020,Ananya Sharma,Grade 12,Math,79.82,76.27,76.94,87.15,9.44,94.3,Medium,68.85
STU_020,Ananya Sharma,Grade 12,Science,99.47,97.49,99.06,74.17,29.34,79.85,Low,92.31
STU_020,Ananya Sharma,Grade 12,English,85.91,86.81,91.19,85.8,13.59,52.4,Low,82.79
STU_020,Ananya Sharma,Grade 12,History,78.0,84.22,83.89,65.07,18.43,98.47,Medium,71.32
STU_020,Ananya Sharma,Grade 12,Art,76.75,75.09,83.95,67.33,18.77,69.04,High,75.36
STU_021,Vikram Patel,Grade 12,Math,62.04,64.59,64.61,62.45,9.33,94.21,High,59.46
STU_021,Vikram Patel,Grade 12,Science,65.39,68.94,64.98,81.66,7.04,72.73,Medium,61.46
STU_021,Vikram Patel,Grade 12,English,54.89,57.98,58.64,67.57,2.09,95.74,Low,49.82
STU_021,Vikram Patel,Grade 12,History,79.53,81.29,74.89,89.78,14.72,75.78,Low,72.24
STU_021,Vikram Patel,Grade 12,Art,60.25,66.62,70.42,82.43,6.83,97.06,Low,59.67
STU_022,Rohan Malhotra,Grade 11,Math,78.37,81.27,86.24,96.42,13.18,87.97,Low,81.59
STU_022,Rohan Malhotra,Grade 11,Science,68.73,69.65,75.17,74.64,5.46,51.7,Medium,59.51
STU_022,Rohan Malhotra,Grade 11,English,100.0,100.0,100.0,90.56,28.15,63.7,Medium,94.22
STU_022,Rohan Malhotra,Grade 11,History,54.19,56.27,60.24,91.15,4.43,86.12,Medium,59.83
STU_022,Rohan Malhotra,Grade 11,Art,88.39,87.51,93.5,65.94,26.31,55.57,Low,78.57
STU_023,Ishita Sharma,Grade 9,Math,97.4,98.47,100.0,94.4,23.61,88.64,High,96.65
STU_023,Ishita Sharma,Grade 9,Science,100.0,100.0,100.0,77.08,29.41,66.01,High,94.53
STU_023,Ishita Sharma,Grade 9,English,87.21,87.76,89.38,62.61,26.98,74.65,Medium,81.0
STU_023,Ishita Sharma,Grade 9,History,92.47,94.04,93.58,83.09,25.23,56.69,High,87.28
STU_023,Ishita Sharma,Grade 9,Art,84.1,80.0,80.59,77.97,13.64,86.14,Low,78.34
STU_024,Vikram Singh,Grade 11,Math,73.68,80.04,82.25,79.9,12.89,63.56,Low,75.36
STU_024,Vikram Singh,Grade 11,Science,78.71,80.61,73.29,96.15,8.82,81.31,High,73.3
STU_024,Vikram Singh,Grade 11,English,85.33,84.99,90.88,82.81,20.76,87.66,High,86.33
STU_024,Vikram Singh,Grade 11,History,64.26,64.03,67.15,73.36,12.08,83.56,High,58.13
STU_024,Vikram Singh,Grade 11,Art,91.23,96.05,92.69,79.55,19.05,52.81,High,83.36
STU_025,Ananya Joshi,Grade 10,Math,90.59,86.84,89.75,90.75,22.33,85.06,Low,83.94
STU_025,Ananya Joshi,Grade 10,Science,99.92,97.49,99.95,82.02,25.9,90.88,Low,94.93
STU_025,Ananya Joshi,Grade 10,English,92.44,96.41,98.35,74.73,28.19,50.0,Low,91.95
STU_025,Ananya Joshi,Grade 10,History,74.84,79.15,74.85,86.93,7.49,51.37,Low,68.9
STU_025,Ananya Joshi,Grade 10,Art,92.28,100.0,100.0,76.97,27.2,85.45,Medium,96.21
STU_026,Ishita Verma,Grade 10,Math,62.58,63.83,61.25,81.57,7.2,77.79,High,60.64
STU_026,Ishita Verma,Grade 10,Science,90.45,95.0,89.92,99.05,18.34,64.78,Medium,84.72
STU_026,Ishita Verma,Grade 10,English,91.69,95.49,99.41,69.49,27.13,68.45,High,89.62
STU_026,Ishita Verma,Grade 10,History,100.0,100.0,100.0,90.91,29.03,64.15,Medium,96.26
STU_026,Ishita Verma,Grade 10,Art,56.1,52.68,61.64,63.92,5.82,95.37,High,50.47
STU_027,Priya Sharma,Grade 11,Math,70.92,73.67,77.49,91.61,11.03,83.26,Medium,70.07
STU_027,Priya Sharma,Grade 11,Science,77.83,78.16,75.16,91.2,13.22,65.34,Medium,73.31
STU_027,Priya Sharma,Grade 11,English,65.42,68.48,70.98,68.46,9.05,98.93,High,61.28
STU_027,Priya Sharma,Grade 11,History,87.31,87.45,82.78,82.58,19.31,57.34,Medium,81.02
STU_027,Priya Sharma,Grade 11,Art,70.34,74.01,78.2,63.0,11.42,51.18,Medium,68.56
STU_028,Rahul Joshi,Grade 10,Math,100.0,100.0,100.0,77.41,28.58,92.19,High,95.69
STU_028,Rahul Joshi,Grade 10,Science,64.76,73.52,75.7,91.96,3.69,69.13,High,64.86
STU_028,Rahul Joshi,Grade 10,English,100.0,100.0,100.0,79.07,27.83,92.28,Medium,94.92
STU_028,Rahul Joshi,Grade 10,History,73.91,71.63,73.37,99.17,15.38,67.99,Medium,74.27
STU_028,Rahul Joshi,Grade 10,Art,82.29,83.52,87.53,94.59,19.45,63.05,Medium,76.66
STU_029,Ananya Mehta,Grade 12,Math,57.53,60.42,65.74,93.45,3.56,54.45,Medium,56.72
STU_029,Ananya Mehta,Grade 12,Science,68.87,75.52,75.43,62.65,11.33,80.54,Low,66.53
STU_029,Ananya Mehta,Grade 12,English,88.85,89.25,90.46,66.73,17.8,83.1,High,80.96
STU_029,Ananya Mehta,Grade 12,History,89.77,92.14,87.48,66.2,26.48,95.24,High,83.36
STU_029,Ananya Mehta,Grade 12,Art,71.18,69.67,66.77,96.11,11.44,65.25,Medium,68.51
STU_030,Siddharth Joshi,Grade 12,Math,64.89,64.69,66.28,79.32,6.47,63.56,High,57.75
STU_030,Siddharth Joshi,Grade 12,Science,87.29,86.42,79.9,82.69,21.57,53.06,Medium,80.56
STU_030,Siddharth Joshi,Grade 12,English,85.68,83.27,90.18,84.3,19.56,55.33,Medium,78.32
STU_030,Siddharth Joshi,Grade 12,History,76.41,84.67,82.17,91.58,11.01,89.53,Medium,73.42
STU_030,Siddharth Joshi,Grade 12,Art,76.96,77.1,77.87,79.21,11.94,50.74,High,77.62
STU_031,Priya Singh,Grade 12,Math,82.83,85.14,81.64,95.93,17.74,70.86,Medium,84.93
STU_031,Priya Singh,Grade 12,Science,60.67,63.7,71.16,78.69,2.8,78.56,Low,57.28
STU_031,Priya Singh,Grade 12,English,51.56,57.42,59.12,91.85,2.24,88.25,Medium,58.73
STU_031,Priya Singh,Grade 12,History,73.22,74.94,74.18,66.36,13.53,53.04,High,60.82
STU_031,Priya Singh,Grade 12,Art,88.97,92.43,94.87,96.47,17.79,95.05,Low,90.27
STU_032,Tanisha Reddy,Grade 12,Math,66.51,65.06,67.05,87.99,7.98,79.14,Medium,61.59
STU_032,Tanisha Reddy,Grade 12,Science,79.26,84.73,86.86,76.04,14.66,65.6,Medium,79.7
STU_032,Tanisha Reddy,Grade 12,English,66.93,64.45,61.41,74.07,7.24,59.76,Medium,61.46
STU_032,Tanisha Reddy,Grade 12,History,89.41,90.87,88.29,95.57,15.65,50.8,High,89.2
STU_032,Tanisha Reddy,Grade 12,Art,61.85,64.39,69.31,97.37,4.15,96.47,Low,58.28
STU_033,Sanya Verma,Grade 9,Math,76.29,83.42,82.93,67.74,9.54,83.01,Medium,75.22
STU_033,Sanya Verma,Grade 9,Science,61.8,60.28,59.97,87.98,5.57,66.19,High,55.65
STU_033,Sanya Verma,Grade 9,English,62.91,63.79,57.48,63.24,8.66,70.43,Low,53.75
STU_033,Sanya Verma,Grade 9,History,91.2,96.2,95.73,88.17,24.45,51.73,Low,92.94
STU_033,Sanya Verma,Grade 9,Art,96.55,100.0,100.0,87.89,22.97,54.83,Medium,89.26
STU_034,Siddharth Verma,Grade 11,Math,87.06,89.97,93.14,70.51,21.21,92.47,High,86.68
STU_034,Siddharth Verma,Grade 11,Science,94.83,100.0,100.0,93.53,29.45,73.82,High,93.9
STU_034,Siddharth Verma,Grade 11,English,71.81,75.38,78.95,61.08,8.64,62.58,Low,67.53
STU_034,Siddharth Verma,Grade 11,History,84.06,90.4,89.45,67.43,18.69,98.73,Medium,81.88
STU_034,Siddharth Verma,Grade 11,Art,87.93,85.86,84.64,73.64,25.12,56.47,Low,80.55
STU_035,Siddharth Verma,Grade 9,Math,71.9,72.08,69.47,68.16,14.84,88.5,High,70.62
STU_035,Siddharth Verma,Grade 9,Science,54.66,60.66,64.7,73.9,3.74,80.79,Low,53.29
STU_035,Siddharth Verma,Grade 9,English,59.26,58.65,60.68,98.22,2.15,70.37,Medium,64.1
STU_035,Siddharth Verma,Grade 9,History,75.06,76.06,80.94,72.56,13.59,66.08,Low,70.49
STU_035,Siddharth Verma,Grade 9,Art,66.71,67.66,66.42,63.87,14.04,75.32,Medium,62.62
STU_036,Rahul Malhotra,Grade 10,Math,74.69,73.22,70.87,99.51,11.99,81.71,High,70.76
STU_036,Rahul Malhotra,Grade 10,Science,64.33,71.4,68.99,92.28,2.93,63.79,High,65.19
STU_036,Rahul Malhotra,Grade 10,English,73.63,69.98,66.89,84.44,12.02,68.4,Low,65.26
STU_036,Rahul Malhotra,Grade 10,History,71.2,71.14,64.02,77.91,16.56,57.18,High,66.99
STU_036,Rahul Malhotra,Grade 10,Art,67.62,69.03,69.37,65.28,9.99,73.49,High,60.11
STU_037,Vikram Joshi,Grade 10,Math,70.39,68.86,70.25,99.25,6.68,92.23,High,70.08
STU_037,Vikram Joshi,Grade 10,Science,87.36,84.68,87.03,96.73,21.54,56.91,Medium,80.9
STU_037,Vikram Joshi,Grade 10,English,96.71,98.11,93.54,87.49,27.34,64.67,Medium,87.83
STU_037,Vikram Joshi,Grade 10,History,69.78,73.25,74.07,90.01,7.3,65.01,Medium,61.47
STU_037,Vikram Joshi,Grade 10,Art,52.34,51.89,53.99,68.93,2.52,86.9,Medium,49.33
STU_038,Tanisha Kapoor,Grade 11,Math,75.74,73.82,71.68,79.02,11.48,55.34,Medium,68.8
STU_038,Tanisha Kapoor,Grade 11,Science,92.32,96.32,91.16,79.34,23.03,97.5,High,89.19
STU_038,Tanisha Kapoor,Grade 11,English,80.89,78.37,81.22,63.63,16.06,97.45,High,72.26
STU_038,Tanisha Kapoor,Grade 11,History,78.14,76.34,75.19,72.38,17.95,96.77,Medium,70.38
STU_038,Tanisha Kapoor,Grade 11,Art,58.22,59.92,68.05,84.36,5.16,69.98,Low,56.27
STU_039,Ananya Joshi,Grade 9,Math,83.1,80.85,81.69,76.52,23.75,61.41,Medium,80.98
STU_039,Ananya Joshi,Grade 9,Science,95.57,97.59,100.0,78.35,22.92,65.22,Low,88.33
STU_039,Ananya Joshi,Grade 9,English,71.25,78.68,79.9,77.55,17.84,94.52,High,72.86
STU_039,Ananya Joshi,Grade 9,History,76.39,78.02,77.44,78.46,12.52,66.05,Medium,76.98
STU_039,Ananya Joshi,Grade 9,Art,68.2,72.02,74.56,84.8,11.37,74.99,High,75.91
STU_040,Ishita Reddy,Grade 12,Math,63.57,65.24,66.5,83.21,4.52,90.17,High,61.0
STU_040,Ishita Reddy,Grade 12,Science,94.61,95.35,89.68,77.9,23.45,57.83,Medium,85.87
STU_040,Ishita Reddy,Grade 12,English,73.16,73.66,71.81,86.57,7.71,65.02,Medium,60.24
STU_040,Ishita Reddy,Grade 12,History,68.36,68.43,66.18,69.99,11.13,93.12,Low,61.2
STU_040,Ishita Reddy,Grade 12,Art,56.22,60.18,55.5,62.68,2.77,77.86,Medium,48.15
STU_041,Siddharth Sharma,Grade 10,Math,73.37,77.74,76.8,67.12,9.92,53.9,High,69.16
STU_041,Siddharth Sharma,Grade 10,Science,51.77,53.94,56.73,91.64,4.56,89.95,High,59.43
STU_041,Siddharth Sharma,Grade 10,English,89.45,90.46,89.68,88.4,23.93,99.72,High,95.74
STU_041,Siddharth Sharma,Grade 10,History,81.0,82.13,81.18,79.07,15.32,97.35,Medium,71.53
STU_041,Siddharth Sharma,Grade 10,Art,76.59,81.06,77.47,74.97,12.95,97.99,Low,74.03
STU_042,Arjun Malhotra,Grade 10,Math,73.52,71.34,72.21,80.49,11.44,91.41,Medium,68.73
STU_042,Arjun Malhotra,Grade 10,Science,99.8,100.0,92.49,89.66,29.59,89.36,High,97.56
STU_042,Arjun Malhotra,Grade 10,English,83.99,76.28,76.6,65.48,15.71,99.44,Low,71.68
STU_042,Arjun Malhotra,Grade 10,History,75.28,73.15,82.98,95.49,8.16,67.78,Medium,73.97
STU_042,Arjun Malhotra,Grade 10,Art,58.17,52.33,58.12,63.53,4.88,94.0,High,54.48
STU_043,Ishita Singh,Grade 11,Math,79.68,79.02,78.08,90.33,18.02,98.02,Low,76.9
STU_043,Ishita Singh,Grade 11,Science,80.42,82.04,86.28,68.21,20.56,78.21,Medium,75.02
STU_043,Ishita Singh,Grade 11,English,71.66,73.47,67.59,82.81,10.24,71.79,Low,71.36
STU_043,Ishita Singh,Grade 11,History,74.43,79.24,76.56,61.71,16.78,75.41,High,67.06
STU_043,Ishita Singh,Grade 11,Art,86.01,88.77,93.47,77.96,16.85,86.22,Medium,81.99
STU_044,Siddharth Sharma,Grade 9,Math,87.14,84.4,89.55,99.87,16.19,70.63,Low,81.16
STU_044,Siddharth Sharma,Grade 9,Science,74.16,76.27,74.79,90.51,10.49,94.82,Low,74.75
STU_044,Siddharth Sharma,Grade 9,English,100.0,100.0,100.0,73.71,24.42,90.1,High,91.06
STU_044,Siddharth Sharma,Grade 9,History,84.33,88.15,91.89,61.98,24.21,68.83,Low,83.82
STU_044,Siddharth Sharma,Grade 9,Art,72.8,74.76,76.41,98.26,9.95,57.15,Low,71.1
STU_045,Sanya Sharma,Grade 10,Math,65.94,71.52,76.98,94.53,5.32,87.21,Medium,66.98
STU_045,Sanya Sharma,Grade 10,Science,100.0,100.0,100.0,89.52,22.77,60.57,Low,88.68
STU_045,Sanya Sharma,Grade 10,English,59.23,63.46,60.7,64.46,3.87,83.03,High,49.78
STU_045,Sanya Sharma,Grade 10,History,94.36,94.06,100.0,73.74,19.92,97.78,High,86.66
STU_045,Sanya Sharma,Grade 10,Art,91.0,89.77,98.17,81.79,23.31,69.74,Low,87.37
STU_046,Arjun Kapoor,Grade 10,Math,95.19,95.57,96.74,67.83,29.03,81.29,Medium,91.24
STU_046,Arjun Kapoor,Grade 10,Science,98.05,100.0,100.0,98.69,20.09,50.24,Low,90.71
STU_046,Arjun Kapoor,Grade 10,English,100.0,100.0,100.0,89.82,27.41,82.57,Medium,91.32
STU_046,Arjun Kapoor,Grade 10,History,63.22,58.41,54.37,82.2,3.97,62.54,Low,50.7
STU_046,Arjun Kapoor,Grade 10,Art,56.33,58.28,55.85,81.41,4.73,99.25,Medium,49.54
STU_047,Rohan Sharma,Grade 11,Math,87.48,88.02,92.32,98.77,15.58,70.89,High,82.98
STU_047,Rohan Sharma,Grade 11,Science,86.21,84.85,89.93,67.86,22.61,94.25,Low,81.61
STU_047,Rohan Sharma,Grade 11,English,84.73,87.78,82.94,69.83,18.41,82.13,Low,76.42
STU_047,Rohan Sharma,Grade 11,History,73.83,77.9,77.79,78.19,9.72,96.95,Low,71.37
STU_047,Rohan Sharma,Grade 11,Art,92.32,91.78,95.53,60.55,25.82,53.2,High,88.38
STU_048,Priya Malhotra,Grade 10,Math,100.0,100.0,100.0,72.86,29.33,90.12,Low,95.81
STU_048,Priya Malhotra,Grade 10,Science,80.56,82.83,92.95,86.41,17.77,73.78,Low,79.2
STU_048,Priya Malhotra,Grade 10,English,67.95,71.23,67.97,62.06,17.76,87.44,High,62.83
STU_048,Priya Malhotra,Grade 10,History,76.39,75.79,74.16,91.0,10.43,82.66,Medium,71.97
STU_048,Priya Malhotra,Grade 10,Art,86.23,86.26,86.08,76.32,24.05,94.57,Low,81.77
STU_049,Vikram Joshi,Grade 12,Math,86.97,84.72,91.76,60.66,22.28,91.2,High,73.2
STU_049,Vikram Joshi,Grade 12,Science,72.7,68.08,72.82,63.29,19.33,84.66,Low,63.55
STU_049,Vikram Joshi,Grade 12,English,85.06,87.7,89.63,84.43,19.11,91.67,High,82.42
STU_049,Vikram Joshi,Grade 12,History,94.97,95.95,100.0,86.1,21.98,62.81,Low,87.86
STU_049,Vikram Joshi,Grade 12,Art,93.18,93.12,95.14,62.85,25.65,73.96,Medium,85.65
STU_050,Rahul Sharma,Grade 10,Math,81.08,86.28,87.02,97.58,16.58,60.12,High,79.78
STU_050,Rahul Sharma,Grade 10,Science,76.97,77.23,78.52,94.69,19.93,60.96,Low,82.59
STU_050,Rahul Sharma,Grade 10,English,62.59,64.46,66.1,64.62,8.71,73.77,High,55.45
STU_050,Rahul Sharma,Grade 10,History,85.95,88.59,90.83,86.35,21.76,71.82,High,81.73
STU_050,Rahul Sharma,Grade 10,Art,95.15,94.03,98.22,81.73,26.34,80.73,Low,89.23
STU_051,Vikram Singh,Grade 11,Math,77.25,83.9,89.36,76.38,16.67,85.08,Low,74.83
STU_051,Vikram Singh,Grade 11,Science,53.21,54.42,60.53,98.04,4.53,79.26,High,57.68
STU_051,Vikram Singh,Grade 11,English,93.82,95.02,94.74,74.12,26.98,83.2,Medium,88.71
STU_051,Vikram Singh,Grade 11,History,100.0,100.0,100.0,90.29,26.53,55.9,High,94.56
STU_051,Vikram Singh,Grade 11,Art,58.51,58.82,64.45,76.61,3.12,51.42,Low,58.14
STU_052,Rohan Joshi,Grade 9,Math,76.23,76.68,79.11,63.29,22.86,76.0,Medium,74.29
STU_052,Rohan Joshi,Grade 9,Science,87.57,89.08,89.99,95.71,25.26,52.91,Medium,85.12
STU_052,Rohan Joshi,Grade 9,English,79.4,82.53,81.12,70.41,17.85,52.25,Medium,71.15
STU_052,Rohan Joshi,Grade 9,History,99.95,100.0,100.0,98.61,29.55,62.11,High,94.72
STU_052,Rohan Joshi,Grade 9,Art,81.56,85.0,83.54,86.02,20.29,58.43,High,75.2
STU_053,Ananya Sharma,Grade 11,Math,77.09,82.06,84.95,95.17,4.82,69.52,Low,78.17
STU_053,Ananya Sharma,Grade 11,Science,88.01,91.28,93.41,81.95,19.22,76.21,Low,84.46
STU_053,Ananya Sharma,Grade 11,English,86.56,86.57,96.12,93.65,20.78,65.45,Low,85.7
STU_053,Ananya Sharma,Grade 11,History,78.4,75.89,77.65,75.68,20.0,70.74,Medium,70.3
STU_053,Ananya Sharma,Grade 11,Art,61.95,61.75,61.17,82.51,4.03,96.13,Medium,56.9
STU_054,Priya Sharma,Grade 11,Math,92.28,94.81,98.5,68.66,25.82,96.85,High,88.05
STU_054,Priya Sharma,Grade 11,Science,100.0,100.0,100.0,96.31,28.7,83.92,Medium,99.51
STU_054,Priya Sharma,Grade 11,English,66.14,68.83,74.32,73.35,7.44,81.92,High,58.81
STU_054,Priya Sharma,Grade 11,History,85.41,89.77,98.29,71.7,14.89,69.07,High,84.28
STU_054,Priya Sharma,Grade 11,Art,97.71,98.7,100.0,79.58,29.09,59.87,High,92.63
STU_055,Priya Mehta,Grade 12,Math,64.6,60.13,56.63,84.02,9.27,74.84,Medium,54.26
STU_055,Priya Mehta,Grade 12,Science,88.54,92.43,100.0,75.5,24.1,61.35,Low,89.83
STU_055,Priya Mehta,Grade 12,English,73.76,81.53,86.1,98.94,9.2,77.66,Medium,74.66
STU_055,Priya Mehta,Grade 12,History,57.65,59.96,61.76,71.91,6.72,79.83,Medium,56.09
STU_055,Priya Mehta,Grade 12,Art,65.41,69.36,66.02,64.7,10.91,98.02,Medium,65.11
STU_056,Rohan Verma,Grade 9,Math,62.54,67.14,75.1,66.32,6.2,50.42,Medium,58.49
STU_056,Rohan Verma,Grade 9,Science,61.44,64.18,59.44,77.49,2.44,51.37,Low,56.36
STU_056,Rohan Verma,Grade 9,English,62.34,59.93,54.82,68.22,4.98,87.93,High,55.87
STU_056,Rohan Verma,Grade 9,History,72.64,76.31,78.04,73.48,15.38,98.99,Medium,72.78
STU_056,Rohan Verma,Grade 9,Art,92.54,90.14,91.79,65.44,24.43,54.99,Low,83.21
STU_057,Ananya Sharma,Grade 11,Math,100.0,100.0,100.0,67.97,28.56,90.26,Medium,93.17
STU_057,Ananya Sharma,Grade 11,Science,62.96,64.08,71.84,60.14,6.01,53.92,High,60.06
STU_057,Ananya Sharma,Grade 11,English,93.2,94.34,96.64,98.19,16.45,54.8,Medium,82.12
STU_057,Ananya Sharma,Grade 11,History,71.81,72.47,77.63,68.99,14.31,78.24,Low,65.98
STU_057,Ananya Sharma,Grade 11,Art,100.0,97.99,99.74,77.39,27.67,56.52,High,90.53
STU_058,Rahul Sharma,Grade 10,Math,72.57,77.5,75.47,90.34,5.69,63.44,Medium,67.15
STU_058,Rahul Sharma,Grade 10,Science,71.51,77.67,75.33,83.73,11.21,86.19,High,71.46
STU_058,Rahul Sharma,Grade 10,English,69.5,73.62,81.89,69.88,12.35,68.02,Medium,68.91
STU_058,Rahul Sharma,Grade 10,History,75.71,73.24,81.89,68.24,13.15,98.16,Low,73.77
STU_058,Rahul Sharma,Grade 10,Art,100.0,100.0,100.0,78.45,25.4,77.42,Medium,90.02
STU_059,Sanya Reddy,Grade 11,Math,70.2,73.25,73.63,64.46,15.13,83.65,Medium,71.02
STU_059,Sanya Reddy,Grade 11,Science,95.71,98.25,96.8,70.82,27.22,92.92,High,92.96
STU_059,Sanya Reddy,Grade 11,English,86.47,88.58,94.35,70.13,19.03,82.28,Medium,81.18
STU_059,Sanya Reddy,Grade 11,History,62.91,64.24,68.03,74.47,9.86,92.73,Medium,57.42
STU_059,Sanya Reddy,Grade 11,Art,75.8,78.4,80.26,74.13,11.73,97.85,Medium,72.26
STU_060,Tanisha Joshi,Grade 11,Math,68.75,74.62,69.45,74.31,3.8,99.8,Medium,55.93
STU_060,Tanisha Joshi,Grade 11,Science,97.87,98.92,99.16,92.24,23.96,97.81,Medium,98.88
STU_060,Tanisha Joshi,Grade 11,English,84.8,88.72,92.59,79.01,23.89,97.09,Low,86.38
STU_060,Tanisha Joshi,Grade 11,History,88.21,90.11,90.53,61.44,21.28,65.65,High,83.64
STU_060,Tanisha Joshi,Grade 11,Art,78.53,77.61,76.51,69.6,16.53,79.71,Low,72.17
STU_061,Ananya Joshi,Grade 12,Math,75.16,84.46,82.85,66.04,17.44,56.8,Medium,68.51
STU_061,Ananya Joshi,Grade 12,Science,69.57,71.09,69.38,77.57,5.01,74.23,Medium,61.07
STU_061,Ananya Joshi,Grade 12,English,62.15,66.14,67.88,68.76,3.07,54.74,Medium,58.58
STU_061,Ananya Joshi,Grade 12,History,92.23,87.34,90.37,99.93,21.19,83.78,High,90.52
STU_061,Ananya Joshi,Grade 12,Art,83.35,80.57,81.05,67.37,21.97,93.26,Medium,78.54
STU_062,Ananya Sharma,Grade 11,Math,89.55,90.46,83.95,68.23,21.99,75.7,Medium,78.0
STU_062,Ananya Sharma,Grade 11,Science,95.91,96.63,95.62,85.76,27.1,85.69,Low,88.44
STU_062,Ananya Sharma,Grade 11,English,72.73,69.61,71.95,97.9,6.37,92.81,Low,74.87
STU_062,Ananya Sharma,Grade 11,History,62.88,60.22,56.2,72.76,7.82,82.85,High,54.56
STU_062,Ananya Sharma,Grade 11,Art,71.78,73.99,77.42,82.0,13.12,99.9,High,67.31
STU_063,Rahul Gupta,Grade 9,Math,60.17,62.1,64.88,77.45,2.97,91.76,High,52.97
STU_063,Rahul Gupta,Grade 9,Science,79.2,74.98,76.26,96.84,13.87,52.82,Low,79.54
STU_063,Rahul Gupta,Grade 9,English,77.73,77.21,72.96,71.28,12.84,55.61,Low,72.54
STU_063,Rahul Gupta,Grade 9,History,71.0,75.62,74.47,99.07,8.5,76.22,Medium,72.34
STU_063,Rahul Gupta,Grade 9,Art,100.0,99.31,95.52,92.36,23.69,82.53,Low,95.54
STU_064,Arjun Mehta,Grade 11,Math,76.17,78.39,84.63,72.76,14.8,73.42,Medium,80.83
STU_064,Arjun Mehta,Grade 11,Science,98.82,100.0,100.0,74.39,27.34,82.3,Low,93.82
STU_064,Arjun Mehta,Grade 11,English,71.37,80.1,77.37,79.25,7.61,65.37,Low,65.76
STU_064,Arjun Mehta,Grade 11,History,89.75,93.87,96.78,62.82,29.62,77.0,High,89.66
STU_064,Arjun Mehta,Grade 11,Art,64.17,59.61,64.57,82.2,4.55,82.5,High,58.94
STU_065,Rahul Joshi,Grade 12,Math,63.63,63.79,65.4,89.07,4.96,62.26,High,61.0
STU_065,Rahul Joshi,Grade 12,Science,65.37,67.5,69.18,84.25,2.09,53.98,High,59.67
STU_065,Rahul Joshi,Grade 12,English,65.68,56.85,55.84,67.13,10.55,61.8,High,53.01
STU_065,Rahul Joshi,Grade 12,History,95.75,100.0,100.0,69.89,29.62,62.92,Low,98.61
STU_065,Rahul Joshi,Grade 12,Art,71.79,74.99,75.34,68.07,12.27,94.3,Low,65.38
STU_066,Arjun Kapoor,Grade 10,Math,49.16,51.84,56.55,64.09,2.55,54.39,Low,45.24
STU_066,Arjun Kapoor,Grade 10,Science,81.85,82.43,82.88,94.97,16.91,83.22,Medium,80.66
STU_066,Arjun Kapoor,Grade 10,English,62.0,66.76,76.59,66.1,6.33,62.97,Medium,56.84
STU_066,Arjun Kapoor,Grade 10,History,75.36,79.99,89.26,63.68,16.64,88.28,Low,73.91
STU_066,Arjun Kapoor,Grade 10,Art,86.58,91.5,92.15,61.73,24.72,93.34,Medium,88.09
STU_067,Siddharth Singh,Grade 12,Math,80.11,84.02,87.26,63.56,18.48,98.56,High,74.58
STU_067,Siddharth Singh,Grade 12,Science,100.0,100.0,100.0,70.77,22.82,81.43,High,94.85
STU_067,Siddharth Singh,Grade 12,English,86.89,86.09,88.47,66.71,23.29,90.68,Medium,83.91
STU_067,Siddharth Singh,Grade 12,History,78.52,80.93,76.16,84.42,15.3,82.58,Medium,76.8
STU_067,Siddharth Singh,Grade 12,Art,71.51,73.28,81.11,85.91,8.36,69.91,Medium,72.52
STU_068,Sanya Verma,Grade 12,Math,73.17,74.71,76.46,79.6,10.42,60.38,Low,76.29
STU_068,Sanya Verma,Grade 12,Science,64.07,63.18,65.83,69.96,7.53,88.36,Low,62.87
STU_068,Sanya Verma,Grade 12,English,100.0,97.44,95.82,86.27,24.37,72.45,High,95.44
STU_068,Sanya Verma,Grade 12,History,95.01,95.3,97.82,97.89,20.6,50.27,High,92.08
STU_068,Sanya Verma,Grade 12,Art,74.37,76.94,77.84,65.74,8.29,68.76,Low,65.25
STU_069,Sanya Verma,Grade 10,Math,78.77,82.05,85.32,72.14,16.12,87.78,High,73.89
STU_069,Sanya Verma,Grade 10,Science,56.39,58.56,66.54,74.54,4.47,96.27,Low,60.24
STU_069,Sanya Verma,Grade 10,English,62.2,63.65,60.81,92.0,2.5,94.56,Medium,56.06
STU_069,Sanya Verma,Grade 10,History,74.96,72.25,74.2,75.2,12.62,56.2,Low,67.59
STU_069,Sanya Verma,Grade 10,Art,76.87,74.27,71.91,94.23,10.31,84.11,Low,72.46
STU_070,Ishita Reddy,Grade 10,Math,94.71,97.36,96.81,68.91,29.77,86.11,Low,89.8
STU_070,Ishita Reddy,Grade 10,Science,72.04,67.93,71.03,89.32,6.46,91.77,Medium,63.49
STU_070,Ishita Reddy,Grade 10,English,89.66,94.05,100.0,79.45,22.69,83.6,High,93.74
STU_070,Ishita Reddy,Grade 10,History,65.05,62.31,69.83,93.03,5.65,72.82,Low,59.73
STU_070,Ishita Reddy,Grade 10,Art,83.54,85.59,95.53,76.56,16.11,57.64,High,85.09
STU_071,Rohan Verma,Grade 10,Math,63.59,63.81,60.68,80.0,10.98,62.17,Low,62.7
STU_071,Rohan Verma,Grade 10,Science,94.23,100.0,97.2,93.04,21.48,67.19,Medium,93.53
STU_071,Rohan Verma,Grade 10,English,92.76,94.42,97.54,88.36,25.96,70.07,Low,94.66
STU_071,Rohan Verma,Grade 10,History,69.11,73.44,73.74,91.99,3.87,78.33,Low,67.03
STU_071,Rohan Verma,Grade 10,Art,71.41,71.56,68.09,85.84,6.12,71.14,High,66.8
STU_072,Siddharth Reddy,Grade 11,Math,83.75,88.45,86.85,69.76,25.35,94.7,High,79.97
STU_072,Siddharth Reddy,Grade 11,Science,94.36,94.35,91.09,61.37,24.63,55.94,Medium,90.7
STU_072,Siddharth Reddy,Grade 11,English,82.37,80.83,84.89,71.93,15.6,98.31,Medium,74.38
STU_072,Siddharth Reddy,Grade 11,History,65.99,69.67,69.91,71.74,5.61,56.1,High,62.52
STU_072,Siddharth Reddy,Grade 11,Art,95.13,92.98,94.73,71.43,25.76,84.11,Low,91.39
STU_073,Tanisha Mehta,Grade 9,Math,92.47,95.23,97.39,90.36,22.19,98.11,Medium,89.24
STU_073,Tanisha Mehta,Grade 9,Science,92.13,96.33,100.0,90.75,24.4,71.31,Medium,89.51
STU_073,Tanisha Mehta,Grade 9,English,100.0,100.0,100.0,85.73,29.62,76.11,High,98.19
STU_073,Tanisha Mehta,Grade 9,History,63.99,66.83,73.81,75.03,2.2,64.14,Medium,61.0
STU_073,Tanisha Mehta,Grade 9,Art,91.33,90.83,90.3,74.05,20.31,96.39,Medium,86.47
STU_074,Priya Joshi,Grade 12,Math,70.67,72.05,75.55,72.06,10.36,56.52,High,65.98
STU_074,Priya Joshi,Grade 12,Science,96.09,99.74,100.0,92.13,22.19,65.09,Low,93.4
STU_074,Priya Joshi,Grade 12,English,72.33,76.46,76.45,87.03,9.6,82.96,Low,69.58
STU_074,Priya Joshi,Grade 12,History,91.57,89.98,92.38,70.11,26.77,56.39,High,85.46
STU_074,Priya Joshi,Grade 12,Art,77.49,81.27,81.85,61.5,12.65,86.47,Low,65.3
STU_075,Ishita Mehta,Grade 10,Math,85.08,88.44,91.84,88.85,24.05,79.87,Low,82.29
STU_075,Ishita Mehta,Grade 10,Science,88.45,95.7,99.83,71.64,28.75,53.97,High,91.85
STU_075,Ishita Mehta,Grade 10,English,84.84,86.53,88.06,74.55,18.56,95.32,High,82.02
STU_075,Ishita Mehta,Grade 10,History,95.41,95.75,92.69,61.83,26.86,83.39,Low,91.21
STU_075,Ishita Mehta,Grade 10,Art,86.27,92.58,97.12,62.07,23.12,51.52,Medium,84.37
STU_076,Sanya Mehta,Grade 11,Math,70.05,73.61,67.91,65.83,13.04,77.83,Low,66.59
STU_076,Sanya Mehta,Grade 11,Science,86.6,92.01,96.17,82.2,17.85,91.08,Medium,83.87
STU_076,Sanya Mehta,Grade 11,English,93.55,98.4,94.38,60.85,26.26,98.65,Medium,89.66
STU_076,Sanya Mehta,Grade 11,History,80.56,78.53,79.48,96.81,11.44,63.1,Medium,73.06
STU_076,Sanya Mehta,Grade 11,Art,97.26,100.0,100.0,75.48,22.64,55.69,High,93.31
STU_077,Sanya Gupta,Grade 11,Math,68.94,68.93,68.94,68.39,13.45,57.01,Medium,57.46
STU_077,Sanya Gupta,Grade 11,Science,82.26,88.61,84.7,65.17,20.08,98.43,Medium,78.35
STU_077,Sanya Gupta,Grade 11,English,87.68,89.83,93.55,63.46,22.43,58.5,Low,85.66
STU_077,Sanya Gupta,Grade 11,History,95.68,100.0,100.0,79.22,25.03,98.08,High,92.0
STU_077,Sanya Gupta,Grade 11,Art,64.8,63.93,63.05,65.73,10.43,66.35,Medium,60.09
STU_078,Siddharth Sharma,Grade 9,Math,100.0,100.0,100.0,96.22,29.52,92.44,Medium,100.0
STU_078,Siddharth Sharma,Grade 9,Science,96.0,97.12,96.58,79.51,28.95,85.3,High,93.91
STU_078,Siddharth Sharma,Grade 9,English,93.14,93.68,98.18,97.2,24.06,84.2,Low,93.62
STU_078,Siddharth Sharma,Grade 9,History,63.78,67.81,70.59,75.25,2.66,61.62,High,64.42
STU_078,Siddharth Sharma,Grade 9,Art,72.22,73.98,81.31,63.18,16.05,52.58,Low,67.8
STU_079,Ananya Mehta,Grade 12,Math,99.31,96.85,96.09,70.51,25.41,70.55,Medium,92.3
STU_079,Ananya Mehta,Grade 12,Science,83.21,83.23,88.89,93.76,15.33,65.39,Low,76.15
STU_079,Ananya Mehta,Grade 12,English,89.95,89.77,92.9,80.67,21.24,76.4,Medium,85.21
STU_079,Ananya Mehta,Grade 12,History,67.46,63.44,76.46,83.72,10.21,78.69,Low,63.07
STU_079,Ananya Mehta,Grade 12,Art,72.39,70.48,76.4,73.98,11.17,92.89,Medium,67.83
STU_080,Priya Patel,Grade 10,Math,91.16,89.93,90.58,87.39,19.62,55.16,High,88.55
STU_080,Priya Patel,Grade 10,Science,93.87,95.0,85.35,86.79,23.48,67.01,Medium,83.47
STU_080,Priya Patel,Grade 10,English,80.2,78.52,74.71,76.09,20.1,64.88,Low,77.79
STU_080,Priya Patel,Grade 10,History,76.25,79.4,81.79,76.88,15.8,98.1,Medium,73.65
STU_080,Priya Patel,Grade 10,Art,83.2,82.31,80.92,75.9,16.95,69.44,High,73.53
STU_081,Sanya Gupta,Grade 12,Math,100.0,100.0,99.48,78.34,27.49,74.64,Medium,93.92
STU_081,Sanya Gupta,Grade 12,Science,62.12,60.53,56.83,75.66,9.45,98.25,Medium,56.76
STU_081,Sanya Gupta,Grade 12,English,94.71,93.65,100.0,83.36,26.76,63.9,Low,90.07
STU_081,Sanya Gupta,Grade 12,History,84.1,88.86,94.64,82.65,15.41,61.95,High,85.54
STU_081,Sanya Gupta,Grade 12,Art,69.0,65.14,68.64,79.66,14.05,94.41,Medium,71.37
STU_082,Arjun Reddy,Grade 9,Math,100.0,100.0,100.0,94.81,29.51,86.77,Low,98.35
STU_082,Arjun Reddy,Grade 9,Science,68.05,73.84,67.81,94.91,2.57,61.09,High,62.12
STU_082,Arjun Reddy,Grade 9,English,83.89,85.89,81.13,92.03,13.01,54.73,High,82.38
STU_082,Arjun Reddy,Grade 9,History,79.21,80.73,73.33,81.06,13.99,95.6,Low,73.82
STU_082,Arjun Reddy,Grade 9,Art,94.73,95.81,96.12,60.06,26.42,87.6,High,91.31
STU_083,Ananya Sharma,Grade 9,Math,57.26,65.09,63.66,65.15,3.79,72.46,High,56.73
STU_083,Ananya Sharma,Grade 9,Science,93.44,97.98,100.0,64.34,23.33,55.02,Low,86.43
STU_083,Ananya Sharma,Grade 9,English,84.75,88.01,89.7,90.78,14.98,81.75,Low,81.49
STU_083,Ananya Sharma,Grade 9,History,90.81,94.03,96.37,79.34,29.58,86.2,High,97.37
STU_083,Ananya Sharma,Grade 9,Art,100.0,100.0,100.0,97.93,29.99,76.39,High,96.69
STU_084,Tanisha Sharma,Grade 11,Math,71.41,75.13,75.21,65.92,12.43,87.35,High,78.5
STU_084,Tanisha Sharma,Grade 11,Science,77.56,76.25,69.64,96.69,12.44,64.99,Low,69.61
STU_084,Tanisha Sharma,Grade 11,English,94.64,98.87,92.38,78.41,19.93,66.01,Low,79.74
STU_084,Tanisha Sharma,Grade 11,History,85.51,87.11,78.37,64.9,20.78,86.06,Low,77.15
STU_084,Tanisha Sharma,Grade 11,Art,66.88,68.75,57.01,75.43,5.14,66.37,High,57.68
STU_085,Tanisha Gupta,Grade 11,Math,69.03,70.1,69.78,80.13,14.91,97.56,Medium,64.35
STU_085,Tanisha Gupta,Grade 11,Science,95.93,94.27,91.6,70.9,17.64,64.07,High,87.46
STU_085,Tanisha Gupta,Grade 11,English,85.16,84.74,83.82,87.15,16.82,82.67,Medium,82.91
STU_085,Tanisha Gupta,Grade 11,History,72.24,79.75,85.16,97.84,8.29,90.43,Low,73.18
STU_085,Tanisha Gupta,Grade 11,Art,81.15,85.26,88.44,66.48,19.06,82.82,Low,75.38
STU_086,Priya Joshi,Grade 10,Math,91.83,94.46,92.75,71.77,23.72,60.26,Medium,84.71
STU_086,Priya Joshi,Grade 10,Science,89.79,88.27,87.3,86.77,23.07,61.66,Low,83.83
STU_086,Priya Joshi,Grade 10,English,98.13,100.0,100.0,69.97,29.84,89.76,Low,92.92
STU_086,Priya Joshi,Grade 10,History,53.28,53.55,59.46,85.71,3.0,95.0,Low,55.55
STU_086,Priya Joshi,Grade 10,Art,100.0,97.0,92.57,98.17,26.76,72.14,High,97.21
STU_087,Siddharth Verma,Grade 10,Math,56.74,64.24,68.97,75.26,2.49,85.9,Medium,57.12
STU_087,Siddharth Verma,Grade 10,Science,79.74,82.94,90.93,73.23,16.78,81.55,Low,75.04
STU_087,Siddharth Verma,Grade 10,English,100.0,100.0,100.0,94.78,29.25,54.33,High,96.83
STU_087,Siddharth Verma,Grade 10,History,65.83,68.4,72.58,73.05,11.87,54.96,Low,63.12
STU_087,Siddharth Verma,Grade 10,Art,100.0,100.0,99.15,90.21,29.16,57.09,Medium,89.9
STU_088,Vikram Gupta,Grade 10,Math,75.86,74.71,77.27,80.04,12.63,79.4,Medium,63.69
STU_088,Vikram Gupta,Grade 10,Science,59.69,66.6,71.12,61.22,7.7,60.05,Medium,54.61
STU_088,Vikram Gupta,Grade 10,English,66.51,65.07,62.2,65.79,4.42,98.09,Medium,54.36
STU_088,Vikram Gupta,Grade 10,History,85.29,88.3,87.95,65.57,25.51,75.02,Medium,80.62
STU_088,Vikram Gupta,Grade 10,Art,88.26,86.0,83.72,89.52,17.4,69.79,Low,80.72
STU_089,Arjun Kapoor,Grade 12,Math,87.37,95.83,93.01,63.83,21.71,64.35,High,83.47
STU_089,Arjun Kapoor,Grade 12,Science,90.28,91.82,91.74,70.1,21.89,60.45,Medium,83.73
STU_089,Arjun Kapoor,Grade 12,English,87.72,91.57,93.26,67.31,23.49,75.64,High,82.21
STU_089,Arjun Kapoor,Grade 12,History,55.79,62.1,69.87,62.87,2.13,92.52,High,55.37
STU_089,Arjun Kapoor,Grade 12,Art,68.25,68.29,71.44,77.59,10.32,95.98,Medium,67.95
STU_090,Ishita Reddy,Grade 9,Math,100.0,100.0,100.0,90.88,29.19,51.58,Medium,95.96
STU_090,Ishita Reddy,Grade 9,Science,51.27,49.58,55.34,69.38,3.92,73.3,Low,42.13
STU_090,Ishita Reddy,Grade 9,English,57.88,61.6,62.11,79.62,6.39,51.9,Low,56.92
STU_090,Ishita Reddy,Grade 9,History,96.28,91.34,91.19,74.15,25.94,74.51,Low,84.88
STU_090,Ishita Reddy,Grade 9,Art,94.69,100.0,100.0,70.79,27.33,60.78,High,89.71
STU_091,Arjun Sharma,Grade 9,Math,96.15,97.3,92.15,85.39,25.95,83.52,High,91.26
STU_091,Arjun Sharma,Grade 9,Science,86.27,85.04,89.39,67.38,19.02,85.07,Medium,79.31
STU_091,Arjun Sharma,Grade 9,English,76.88,78.25,84.47,87.39,10.33,53.73,Medium,79.73
STU_091,Arjun Sharma,Grade 9,History,100.0,100.0,100.0,73.96,28.59,82.58,Medium,98.43
STU_091,Arjun Sharma,Grade 9,Art,69.03,70.91,68.67,61.94,14.18,80.6,Medium,69.18
STU_092,Priya Verma,Grade 12,Math,87.53,90.18,98.43,72.39,22.03,66.18,Low,91.55
STU_092,Priya Verma,Grade 12,Science,90.58,90.57,88.98,87.45,20.46,54.96,Low,82.8
STU_092,Priya Verma,Grade 12,English,94.47,95.27,100.0,98.64,21.19,68.73,High,94.82
STU_092,Priya Verma,Grade 12,History,78.46,79.44,81.16,92.79,14.28,61.13,Low,74.13
STU_092,Priya Verma,Grade 12,Art,82.74,84.98,80.02,86.05,17.08,98.26,High,74.73
STU_093,Tanisha Malhotra,Grade 11,Math,90.92,88.23,83.73,97.01,19.71,96.08,Medium,84.93
STU_093,Tanisha Malhotra,Grade 11,Science,83.83,83.23,86.05,67.0,19.16,94.79,Medium,79.56
STU_093,Tanisha Malhotra,Grade 11,English,100.0,100.0,100.0,99.65,26.38,76.8,Medium,100.0
STU_093,Tanisha Malhotra,Grade 11,History,65.43,65.57,67.64,91.0,6.28,50.44,Low,61.99
STU_093,Tanisha Malhotra,Grade 11,Art,94.81,94.18,97.89,86.77,25.15,70.33,Medium,95.83
STU_094,Rohan Singh,Grade 10,Math,77.74,80.35,81.79,96.39,14.78,95.69,High,76.21
STU_094,Rohan Singh,Grade 10,Science,89.16,90.17,93.84,98.76,22.61,58.2,Medium,91.35
STU_094,Rohan Singh,Grade 10,English,81.02,86.15,86.61,74.9,13.47,77.51,High,75.3
STU_094,Rohan Singh,Grade 10,History,75.66,75.39,80.52,91.51,10.8,67.16,Medium,70.52
STU_094,Rohan Singh,Grade 10,Art,91.38,84.68,88.78,76.27,26.66,75.82,Low,84.92
STU_095,Siddharth Reddy,Grade 11,Math,74.59,77.32,75.16,60.57,10.9,56.56,High,66.68
STU_095,Siddharth Reddy,Grade 11,Science,80.45,84.74,92.82,99.04,10.49,58.28,Medium,79.61
STU_095,Siddharth Reddy,Grade 11,English,82.14,83.98,81.82,72.41,17.51,57.16,Medium,78.9
STU_095,Siddharth Reddy,Grade 11,History,67.99,71.24,79.04,78.38,8.8,62.11,Low,69.17
STU_095,Siddharth Reddy,Grade 11,Art,69.2,67.8,68.44,83.05,8.06,55.32,High,66.18
STU_096,Siddharth Malhotra,Grade 10,Math,63.9,62.63,67.92,68.85,4.24,54.78,High,60.86
STU_096,Siddharth Malhotra,Grade 10,Science,69.17,69.24,67.22,90.27,7.89,87.71,Low,63.91
STU_096,Siddharth Malhotra,Grade 10,English,64.95,62.64,70.78,77.84,3.33,94.69,High,58.59
STU_096,Siddharth Malhotra,Grade 10,History,71.37,70.94,72.9,61.44,11.88,61.91,Medium,63.01
STU_096,Siddharth Malhotra,Grade 10,Art,71.9,73.98,68.08,97.77,7.09,93.12,Low,64.26
STU_097,Vikram Patel,Grade 9,Math,80.56,78.29,78.83,61.95,19.48,82.5,High,72.44
STU_097,Vikram Patel,Grade 9,Science,81.19,84.77,82.25,62.52,17.62,51.95,Low,76.71
STU_097,Vikram Patel,Grade 9,English,79.56,84.98,85.82,83.84,14.06,74.83,High,79.29
STU_097,Vikram Patel,Grade 9,History,82.52,88.76,85.93,72.99,17.77,87.59,High,77.07
STU_097,Vikram Patel,Grade 9,Art,63.93,68.7,73.51,74.29,6.09,58.8,Low,57.84
STU_098,Priya Reddy,Grade 9,Math,65.58,64.58,63.46,92.8,4.32,89.16,Low,59.47
STU_098,Priya Reddy,Grade 9,Science,88.26,95.49,91.64,79.59,19.53,63.58,High,82.87
STU_098,Priya Reddy,Grade 9,English,70.19,69.2,65.17,91.33,11.01,70.78,Medium,69.94
STU_098,Priya Reddy,Grade 9,History,82.54,88.82,88.42,76.53,17.58,65.28,Medium,78.72
STU_098,Priya Reddy,Grade 9,Art,62.6,66.77,71.36,90.03,2.47,60.04,Medium,60.36
STU_099,Vikram Kapoor,Grade 10,Math,82.02,82.82,88.51,85.79,17.74,72.27,Low,83.29
STU_099,Vikram Kapoor,Grade 10,Science,74.9,82.08,83.45,64.75,14.96,58.82,Low,73.23
STU_099,Vikram Kapoor,Grade 10,English,89.05,88.71,86.59,82.98,23.55,94.39,Medium,86.77
STU_099,Vikram Kapoor,Grade 10,History,100.0,100.0,100.0,79.42,25.08,76.16,Medium,86.73
STU_099,Vikram Kapoor,Grade 10,Art,83.57,88.13,90.84,68.63,15.65,52.15,High,76.19
STU_100,Priya Gupta,Grade 10,Math,66.06,65.52,61.78,84.66,8.02,73.72,Medium,57.5
STU_100,Priya Gupta,Grade 10,Science,88.95,90.35,86.89,74.72,25.4,51.78,Low,86.88
STU_100,Priya Gupta,Grade 10,English,75.81,80.21,82.7,93.71,16.47,69.94,High,76.77
STU_100,Priya Gupta,Grade 10,History,64.46,66.48,62.87,73.7,3.82,94.58,High,67.89
STU_100,Priya Gupta,Grade 10,Art,92.34,94.32,89.34,77.78,23.86,95.11,Medium,87.83
STU_101,Arjun Malhotra,Grade 11,Math,75.28,73.12,73.05,64.79,11.04,77.49,Medium,69.28
STU_101,Arjun Malhotra,Grade 11,Science,87.25,91.16,92.1,68.93,20.63,91.5,Medium,86.34
STU_101,Arjun Malhotra,Grade 11,English,89.08,92.67,94.03,91.32,20.91,72.3,Medium,91.56
STU_101,Arjun Malhotra,Grade 11,History,67.08,69.16,69.47,69.55,6.24,79.01,Medium,66.61
STU_101,Arjun Malhotra,Grade 11,Art,61.87,61.19,53.22,60.81,9.79,97.93,Low,47.32
STU_102,Rahul Reddy,Grade 10,Math,64.06,66.9,68.39,70.62,6.21,77.36,High,55.05
STU_102,Rahul Reddy,Grade 10,Science,70.39,75.35,70.91,63.58,10.99,80.04,Low,66.04
STU_102,Rahul Reddy,Grade 10,English,84.36,88.16,90.63,79.57,18.93,81.38,Medium,84.11
STU_102,Rahul Reddy,Grade 10,History,71.77,79.87,75.79,97.25,14.99,70.78,High,75.01
STU_102,Rahul Reddy,Grade 10,Art,58.67,63.9,68.91,60.81,2.9,62.52,Low,54.46
STU_103,Sanya Mehta,Grade 11,Math,70.62,76.87,76.23,60.93,14.99,75.06,Low,60.91
STU_103,Sanya Mehta,Grade 11,Science,84.93,83.6,90.33,78.2,20.0,64.5,Medium,77.9
STU_103,Sanya Mehta,Grade 11,English,88.28,94.77,99.07,91.95,19.27,91.1,Low,91.05
STU_103,Sanya Mehta,Grade 11,History,71.65,75.2,75.6,70.75,3.25,56.32,Low,63.74
STU_103,Sanya Mehta,Grade 11,Art,56.79,58.52,55.95,61.8,5.47,98.68,Low,49.98
STU_104,Priya Verma,Grade 11,Math,76.41,82.21,79.09,96.28,11.92,58.02,High,77.41
STU_104,Priya Verma,Grade 11,Science,100.0,100.0,100.0,96.97,25.82,82.21,Low,94.09
STU_104,Priya Verma,Grade 11,English,81.48,87.74,89.61,78.61,20.29,52.83,Medium,86.56
STU_104,Priya Verma,Grade 11,History,91.23,86.89,84.83,63.97,27.54,98.0,High,84.37
STU_104,Priya Verma,Grade 11,Art,97.34,98.72,100.0,90.38,29.51,85.67,Medium,95.54
STU_105,Ananya Reddy,Grade 9,Math,73.74,84.48,88.62,72.55,15.46,51.16,High,83.05
STU_105,Ananya Reddy,Grade 9,Science,73.44,71.8,76.92,91.19,9.64,59.74,Medium,65.47
STU_105,Ananya Reddy,Grade 9,English,97.24,100.0,100.0,84.49,26.61,93.95,High,95.93
STU_105,Ananya Reddy,Grade 9,History,86.66,82.9,81.64,67.45,18.93,51.72,High,80.15
STU_105,Ananya Reddy,Grade 9,Art,98.84,100.0,100.0,70.29,29.28,78.65,High,94.3
STU_106,Rahul Mehta,Grade 10,Math,67.65,65.16,64.92,99.05,6.72,64.34,Low,61.64
STU_106,Rahul Mehta,Grade 10,Science,97.11,97.45,96.7,90.72,28.4,79.43,Low,97.2
STU_106,Rahul Mehta,Grade 10,English,71.16,76.82,71.35,99.99,9.28,59.23,Medium,72.37
STU_106,Rahul Mehta,Grade 10,History,74.99,76.13,74.73,83.98,13.02,86.09,High,73.66
STU_106,Rahul Mehta,Grade 10,Art,80.61,78.62,78.65,97.75,14.55,89.37,Low,75.51
STU_107,Ishita Joshi,Grade 10,Math,97.77,96.57,95.55,91.73,24.65,78.58,Low,92.81
STU_107,Ishita Joshi,Grade 10,Science,62.69,61.07,67.96,93.79,6.43,55.72,Medium,63.08
STU_107,Ishita Joshi,Grade 10,English,81.31,81.47,82.31,66.11,21.79,97.93,Medium,76.47
STU_107,Ishita Joshi,Grade 10,History,85.96,87.47,86.24,60.99,25.26,90.79,Low,88.43
STU_107,Ishita Joshi,Grade 10,Art,92.02,95.07,95.76,63.24,24.83,99.16,High,91.22
STU_108,Arjun Gupta,Grade 10,Math,99.51,100.0,100.0,68.41,29.34,76.68,High,90.92
STU_108,Arjun Gupta,Grade 10,Science,80.17,83.59,85.54,67.39,21.98,53.52,Low,85.1
STU_108,Arjun Gupta,Grade 10,English,67.37,72.77,76.85,65.44,4.02,68.69,Medium,60.52
STU_108,Arjun Gupta,Grade 10,History,75.03,74.96,76.14,68.44,14.36,93.07,Medium,67.92
STU_108,Arjun Gupta,Grade 10,Art,96.73,100.0,97.27,96.83,22.61,56.1,High,94.3
STU_109,Rahul Malhotra,Grade 10,Math,76.49,78.96,74.37,87.34,15.02,70.65,High,71.48
STU_109,Rahul Malhotra,Grade 10,Science,92.58,99.76,96.54,99.44,22.66,60.42,Medium,86.88
STU_109,Rahul Malhotra,Grade 10,English,62.76,66.17,72.08,75.74,8.04,73.41,Low,64.47
STU_109,Rahul Malhotra,Grade 10,History,97.54,99.57,100.0,65.93,29.63,75.3,Low,89.93
STU_109,Rahul Malhotra,Grade 10,Art,74.42,79.55,69.93,62.8,18.52,80.94,Medium,62.84
STU_110,Ishita Gupta,Grade 10,Math,100.0,100.0,100.0,88.57,27.19,62.74,High,100.0
STU_110,Ishita Gupta,Grade 10,Science,76.77,81.7,81.5,77.46,17.89,54.32,Medium,72.79
STU_110,Ishita Gupta,Grade 10,English,65.9,60.32,65.79,88.65,6.54,76.37,High,61.11
STU_110,Ishita Gupta,Grade 10,History,72.47,73.92,70.11,85.76,13.74,62.53,Medium,68.54
STU_110,Ishita Gupta,Grade 10,Art,77.46,77.04,81.16,61.9,17.05,90.18,High,75.82
STU_111,Ananya Kapoor,Grade 10,Math,84.41,87.83,89.22,86.92,24.57,83.62,High,89.19
STU_111,Ananya Kapoor,Grade 10,Science,85.46,89.08,93.22,79.08,18.03,56.93,Low,83.71
STU_111,Ananya Kapoor,Grade 10,English,66.43,73.3,84.34,81.98,2.73,67.32,Medium,71.46
STU_111,Ananya Kapoor,Grade 10,History,71.14,73.95,72.67,75.5,11.99,54.14,Medium,66.34
STU_111,Ananya Kapoor,Grade 10,Art,62.69,71.35,64.28,95.44,2.84,74.47,Medium,59.9
STU_112,Ananya Singh,Grade 9,Math,64.66,65.55,69.73,71.13,6.52,80.09,Medium,60.61
STU_112,Ananya Singh,Grade 9,Science,57.99,59.86,60.36,61.79,3.65,74.61,High,53.97
STU_112,Ananya Singh,Grade 9,English,64.41,66.88,64.09,72.7,7.08,96.35,Medium,57.16
STU_112,Ananya Singh,Grade 9,History,82.55,87.86,92.5,69.21,15.82,93.04,Low,80.52
STU_112,Ananya Singh,Grade 9,Art,78.85,79.12,79.63,91.19,12.75,94.31,Medium,76.18
STU_113,Vikram Gupta,Grade 10,Math,100.0,100.0,100.0,83.89,24.95,69.27,Low,93.66
STU_113,Vikram Gupta,Grade 10,Science,58.74,56.19,52.09,64.75,6.86,77.01,High,52.02
STU_113,Vikram Gupta,Grade 10,English,100.0,100.0,100.0,85.11,25.24,52.22,High,88.77
STU_113,Vikram Gupta,Grade 10,History,62.55,65.37,61.12,71.15,8.53,95.94,Medium,59.75
STU_113,Vikram Gupta,Grade 10,Art,92.79,97.56,96.19,82.65,21.28,50.27,Low,93.3
STU_114,Rohan Gupta,Grade 12,Math,90.61,90.52,89.32,66.68,29.96,72.38,Low,83.9
STU_114,Rohan Gupta,Grade 12,Science,93.06,97.0,100.0,66.49,22.25,95.04,High,88.14
STU_114,Rohan Gupta,Grade 12,English,84.07,88.21,86.23,70.74,19.79,52.89,Low,82.33
STU_114,Rohan Gupta,Grade 12,History,59.89,59.41,59.39,63.31,7.93,50.49,Low,57.47
STU_114,Rohan Gupta,Grade 12,Art,65.74,71.99,67.0,61.4,8.33,81.53,High,59.04
STU_115,Arjun Sharma,Grade 12,Math,100.0,100.0,92.96,69.03,27.23,54.09,Medium,86.98
STU_115,Arjun Sharma,Grade 12,Science,90.04,90.65,88.7,96.16,15.57,72.87,High,84.79
STU_115,Arjun Sharma,Grade 12,English,96.62,96.49,98.79,67.11,29.98,69.03,High,85.77
STU_115,Arjun Sharma,Grade 12,History,78.94,72.45,70.15,79.32,12.35,54.6,Medium,64.67
STU_115,Arjun Sharma,Grade 12,Art,87.52,93.37,91.8,97.44,11.13,72.5,Medium,81.86
STU_116,Tanisha Sharma,Grade 12,Math,67.5,73.94,68.79,71.27,6.71,63.82,High,64.25
STU_116,Tanisha Sharma,Grade 12,Science,50.19,57.49,58.16,96.06,2.34,80.62,Low,58.22
STU_116,Tanisha Sharma,Grade 12,English,74.39,78.06,79.72,74.03,16.14,90.97,Medium,67.95
STU_116,Tanisha Sharma,Grade 12,History,62.19,59.21,59.5,65.05,9.48,95.42,Medium,61.45
STU_116,Tanisha Sharma,Grade 12,Art,80.96,83.9,83.11,78.32,16.49,50.41,Medium,81.6
STU_117,Rahul Singh,Grade 9,Math,98.43,98.97,100.0,96.55,22.8,98.8,Medium,89.4
STU_117,Rahul Singh,Grade 9,Science,94.42,93.9,92.41,65.34,23.3,71.62,Low,84.8
STU_117,Rahul Singh,Grade 9,English,63.13,64.12,69.15,61.04,9.82,65.37,Low,64.75
STU_117,Rahul Singh,Grade 9,History,63.6,68.27,74.39,80.5,7.69,83.59,Low,65.42
STU_117,Rahul Singh,Grade 9,Art,81.16,81.01,82.43,74.12,19.7,91.39,Medium,75.24
STU_118,Ishita Sharma,Grade 11,Math,73.06,76.31,77.31,66.39,16.05,96.06,Medium,70.63
STU_118,Ishita Sharma,Grade 11,Science,92.45,91.96,94.94,83.26,26.06,87.32,Low,88.69
STU_118,Ishita Sharma,Grade 11,English,63.8,66.36,70.48,79.14,4.79,93.13,High,64.41
STU_118,Ishita Sharma,Grade 11,History,88.0,87.13,85.57,66.62,23.46,64.71,High,84.07
STU_118,Ishita Sharma,Grade 11,Art,61.13,58.14,54.36,85.73,8.38,53.37,Low,55.52
STU_119,Priya Joshi,Grade 10,Math,67.25,68.98,62.18,73.75,13.98,53.42,High,61.08
STU_119,Priya Joshi,Grade 10,Science,70.69,72.73,78.56,69.95,13.82,70.27,Medium,68.61
STU_119,Priya Joshi,Grade 10,English,67.69,75.36,79.01,81.3,8.27,81.62,Medium,69.7
STU_119,Priya Joshi,Grade 10,History,75.72,77.57,79.92,60.04,19.45,83.31,Medium,76.13
STU_119,Priya Joshi,Grade 10,Art,99.03,98.34,98.7,64.7,26.23,97.8,Medium,94.27
STU_120,Tanisha Malhotra,Grade 12,Math,62.15,61.78,68.73,78.65,3.96,76.91,Low,63.14
STU_120,Tanisha Malhotra,Grade 12,Science,69.2,72.13,70.69,64.93,10.99,69.1,Low,66.47
STU_120,Tanisha Malhotra,Grade 12,English,85.67,89.59,87.97,90.39,19.67,51.0,Medium,84.6
STU_120,Tanisha Malhotra,Grade 12,History,82.5,80.05,79.69,83.12,17.91,68.68,High,74.05
STU_120,Tanisha Malhotra,Grade 12,Art,75.25,81.88,75.99,81.0,9.6,79.99,Medium,76.0
STU_121,Siddharth Mehta,Grade 9,Math,69.27,64.66,60.8,72.06,6.84,50.5,Low,52.86
STU_121,Siddharth Mehta,Grade 9,Science,86.96,89.03,92.96,66.72,27.8,75.19,Medium,83.45
STU_121,Siddharth Mehta,Grade 9,English,84.36,84.19,91.6,81.78,23.05,81.23,Low,81.91
STU_121,Siddharth Mehta,Grade 9,History,77.68,79.02,79.65,61.97,19.01,55.1,High,67.7
STU_121,Siddharth Mehta,Grade 9,Art,93.47,89.92,89.34,95.33,22.33,88.58,Medium,88.21
STU_122,Tanisha Joshi,Grade 10,Math,79.59,78.55,82.08,90.19,11.79,51.05,Medium,78.75
STU_122,Tanisha Joshi,Grade 10,Science,80.14,78.84,79.53,81.07,16.1,76.61,Medium,79.62
STU_122,Tanisha Joshi,Grade 10,English,62.2,59.36,55.27,61.72,5.05,93.97,Low,54.19
STU_122,Tanisha Joshi,Grade 10,History,91.17,87.31,79.96,80.04,28.81,66.05,Medium,88.34
STU_122,Tanisha Joshi,Grade 10,Art,62.1,63.71,65.26,61.84,6.0,75.6,Medium,57.67
STU_123,Vikram Singh,Grade 12,Math,81.59,82.42,83.61,60.78,28.88,52.77,Low,78.3
STU_123,Vikram Singh,Grade 12,Science,76.77,74.31,69.86,65.24,6.25,56.13,Low,66.17
STU_123,Vikram Singh,Grade 12,English,74.75,80.77,79.41,73.23,18.24,92.23,Low,72.39
STU_123,Vikram Singh,Grade 12,History,67.33,63.05,63.28,80.07,4.13,96.55,High,58.41
STU_123,Vikram Singh,Grade 12,Art,94.66,94.8,95.17,65.25,25.85,58.93,High,87.54
STU_124,Sanya Mehta,Grade 11,Math,93.68,95.65,97.77,75.05,25.56,74.02,High,89.53
STU_124,Sanya Mehta,Grade 11,Science,100.0,100.0,100.0,85.97,28.48,58.44,High,100.0
STU_124,Sanya Mehta,Grade 11,English,78.64,79.36,85.99,67.98,17.87,80.22,Medium,77.36
STU_124,Sanya Mehta,Grade 11,History,72.84,76.01,75.91,66.51,14.16,50.74,Low,74.04
STU_124,Sanya Mehta,Grade 11,Art,72.07,75.03,80.69,82.39,3.79,87.83,Medium,62.81
STU_125,Arjun Verma,Grade 11,Math,80.33,83.02,82.85,80.18,17.5,79.21,Medium,78.83
STU_125,Arjun Verma,Grade 11,Science,100.0,100.0,100.0,93.85,26.06,77.23,Medium,96.88
STU_125,Arjun Verma,Grade 11,English,64.18,65.48,64.52,70.53,9.07,69.06,Medium,62.09
STU_125,Arjun Verma,Grade 11,History,87.98,90.7,87.95,72.2,22.39,68.69,High,85.51
STU_125,Arjun Verma,Grade 11,Art,99.03,100.0,100.0,86.23,26.58,55.34,Medium,92.1
STU_126,Vikram Joshi,Grade 10,Math,81.74,81.3,88.25,93.09,19.76,78.74,High,82.89
STU_126,Vikram Joshi,Grade 10,Science,66.47,67.85,66.99,67.29,6.52,89.04,Medium,58.65
STU_126,Vikram Joshi,Grade 10,English,77.47,79.63,76.39,63.34,18.02,62.35,Low,73.02
STU_126,Vikram Joshi,Grade 10,History,52.63,50.9,48.52,90.7,6.22,62.16,Medium,49.59
STU_126,Vikram Joshi,Grade 10,Art,65.88,70.39,73.01,75.04,12.06,62.43,High,71.06
STU_127,Vikram Kapoor,Grade 10,Math,77.55,76.69,76.81,80.2,12.67,63.75,Medium,69.35
STU_127,Vikram Kapoor,Grade 10,Science,73.52,75.08,76.41,62.41,7.61,64.65,High,65.58
STU_127,Vikram Kapoor,Grade 10,English,71.09,72.92,72.96,62.96,11.05,69.84,Medium,65.85
STU_127,Vikram Kapoor,Grade 10,History,89.68,91.04,94.99,98.91,22.68,64.14,High,89.77
STU_127,Vikram Kapoor,Grade 10,Art,98.68,100.0,100.0,97.19,23.57,57.28,High,94.21
STU_128,Ishita Mehta,Grade 9,Math,100.0,100.0,100.0,86.47,29.43,55.96,Low,98.69
STU_128,Ishita Mehta,Grade 9,Science,66.05,72.31,70.54,84.81,4.39,88.36,High,64.72
STU_128,Ishita Mehta,Grade 9,English,80.7,87.71,97.52,90.27,11.54,80.79,High,84.35
STU_128,Ishita Mehta,Grade 9,History,77.85,82.7,86.38,68.48,12.44,81.15,Low,76.08
STU_128,Ishita Mehta,Grade 9,Art,94.47,95.88,96.75,99.72,29.09,73.23,High,95.03
STU_129,Vikram Reddy,Grade 12,Math,83.34,86.31,83.82,93.83,14.54,50.97,Medium,78.0
STU_129,Vikram Reddy,Grade 12,Science,100.0,100.0,100.0,88.15,25.24,91.76,High,96.36
STU_129,Vikram Reddy,Grade 12,English,59.22,62.92,64.64,88.13,2.54,62.62,High,59.3
STU_129,Vikram Reddy,Grade 12,History,62.08,62.8,64.39,91.78,3.9,89.6,High,54.23
STU_129,Vikram Reddy,Grade 12,Art,88.91,90.88,93.63,76.84,24.05,81.96,High,89.66
STU_130,Siddharth Singh,Grade 10,Math,83.14,86.13,85.79,81.3,21.04,98.32,Medium,80.3
STU_130,Siddharth Singh,Grade 10,Science,66.5,64.77,66.68,98.66,2.31,84.81,Medium,61.64
STU_130,Siddharth Singh,Grade 10,English,68.37,69.13,73.61,72.97,4.67,85.77,Low,59.17
STU_130,Siddharth Singh,Grade 10,History,90.29,88.64,91.08,78.13,22.01,87.8,Medium,87.05
STU_130,Siddharth Singh,Grade 10,Art,64.47,68.07,70.3,96.03,4.18,66.61,Low,63.02
STU_131,Arjun Malhotra,Grade 10,Math,65.41,65.85,65.3,89.55,9.35,74.8,High,65.85
STU_131,Arjun Malhotra,Grade 10,Science,89.87,93.75,90.86,70.69,27.66,79.88,Medium,89.32
STU_131,Arjun Malhotra,Grade 10,English,79.89,88.69,90.72,69.21,18.12,88.68,Low,82.4
STU_131,Arjun Malhotra,Grade 10,History,92.16,94.84,89.61,78.03,25.61,65.58,Medium,89.94
STU_131,Arjun Malhotra,Grade 10,Art,73.55,77.8,81.8,88.52,10.65,61.57,High,74.03
STU_132,Rahul Sharma,Grade 10,Math,74.47,71.06,66.66,74.98,8.95,58.77,Low,69.45
STU_132,Rahul Sharma,Grade 10,Science,95.74,93.66,93.58,71.53,29.96,55.68,Low,94.39
STU_132,Rahul Sharma,Grade 10,English,66.54,64.4,67.44,76.93,6.24,69.44,Low,59.74
STU_132,Rahul Sharma,Grade 10,History,81.89,82.93,81.35,83.39,22.38,72.01,Medium,80.99
STU_132,Rahul Sharma,Grade 10,Art,77.0,79.24,80.3,66.44,23.23,58.11,High,71.77
STU_133,Tanisha Mehta,Grade 10,Math,85.36,90.15,88.96,78.38,16.07,87.92,Low,82.68
STU_133,Tanisha Mehta,Grade 10,Science,61.71,59.18,52.77,65.37,2.41,96.83,Low,52.44
STU_133,Tanisha Mehta,Grade 10,English,92.22,97.63,100.0,68.51,25.56,65.9,Medium,88.06
STU_133,Tanisha Mehta,Grade 10,History,64.51,63.58,66.21,69.55,5.63,92.3,High,59.34
STU_133,Tanisha Mehta,Grade 10,Art,79.24,74.95,84.05,91.12,13.01,75.14,High,74.19
STU_134,Siddharth Kapoor,Grade 10,Math,59.16,61.02,62.8,92.47,2.77,69.34,Low,60.0
STU_134,Siddharth Kapoor,Grade 10,Science,99.77,100.0,99.79,75.78,24.17,61.83,Medium,91.7
STU_134,Siddharth Kapoor,Grade 10,English,88.0,90.05,89.59,89.5,23.38,53.53,High,87.12
STU_134,Siddharth Kapoor,Grade 10,History,74.97,81.02,82.1,90.7,9.27,54.74,Medium,75.69
STU_134,Siddharth Kapoor,Grade 10,Art,87.22,92.56,98.17,73.42,23.58,54.93,Low,89.81
STU_135,Rahul Malhotra,Grade 10,Math,63.09,67.41,66.86,77.09,5.59,77.77,Medium,64.3
STU_135,Rahul Malhotra,Grade 10,Science,96.08,97.15,99.75,90.42,24.02,59.87,Low,95.69
STU_135,Rahul Malhotra,Grade 10,English,98.9,94.42,95.04,72.63,24.36,71.57,Low,92.89
STU_135,Rahul Malhotra,Grade 10,History,76.42,83.02,78.63,90.53,9.49,72.63,High,72.12
STU_135,Rahul Malhotra,Grade 10,Art,55.22,57.96,46.26,61.4,2.42,77.12,Low,47.72
STU_136,Sanya Joshi,Grade 11,Math,76.38,80.79,79.68,74.34,15.46,69.59,High,71.42
STU_136,Sanya Joshi,Grade 11,Science,92.48,97.63,98.04,86.89,21.37,89.74,Low,93.05
STU_136,Sanya Joshi,Grade 11,English,75.44,72.92,71.64,78.67,6.44,81.77,Medium,66.76
STU_136,Sanya Joshi,Grade 11,History,71.69,74.63,76.67,88.55,11.54,76.36,High,72.74
STU_136,Sanya Joshi,Grade 11,Art,93.91,94.55,95.48,69.83,28.84,54.07,Medium,95.28
STU_137,Tanisha Mehta,Grade 12,Math,88.15,92.92,87.98,86.13,24.84,99.07,High,84.18
STU_137,Tanisha Mehta,Grade 12,Science,72.17,79.58,78.41,60.76,11.24,62.42,Low,62.7
STU_137,Tanisha Mehta,Grade 12,English,66.11,67.36,69.31,63.12,11.35,54.07,Low,60.97
STU_137,Tanisha Mehta,Grade 12,History,83.01,80.14,80.5,62.0,27.22,70.71,Medium,75.76
STU_137,Tanisha Mehta,Grade 12,Art,65.76,65.35,65.56,70.45,8.36,95.37,Low,58.21
STU_138,Tanisha Patel,Grade 11,Math,83.89,85.01,86.12,99.87,17.91,62.84,Medium,83.35
STU_138,Tanisha Patel,Grade 11,Science,94.22,93.93,93.4,84.88,17.56,76.72,High,86.27
STU_138,Tanisha Patel,Grade 11,English,100.0,100.0,100.0,94.67,22.57,80.63,Medium,97.95
STU_138,Tanisha Patel,Grade 11,History,95.29,96.05,97.46,84.14,26.76,69.68,Low,87.85
STU_138,Tanisha Patel,Grade 11,Art,88.97,87.87,84.95,61.96,27.66,95.76,Low,81.44
STU_139,Siddharth Reddy,Grade 12,Math,75.37,75.15,76.94,62.03,10.28,83.99,Low,70.65
STU_139,Siddharth Reddy,Grade 12,Science,91.29,87.88,96.11,84.34,18.78,95.95,High,90.49
STU_139,Siddharth Reddy,Grade 12,English,83.62,91.74,94.39,97.86,10.59,56.99,Medium,81.29
STU_139,Siddharth Reddy,Grade 12,History,90.18,95.18,89.46,80.28,26.33,73.31,Low,85.57
STU_139,Siddharth Reddy,Grade 12,Art,79.92,81.53,85.66,89.46,10.53,82.33,Medium,78.05
STU_140,Rahul Malhotra,Grade 9,Math,78.91,74.89,78.77,95.75,14.46,71.8,High,80.08
STU_140,Rahul Malhotra,Grade 9,Science,90.7,89.99,85.63,95.08,19.77,65.89,High,83.38
STU_140,Rahul Malhotra,Grade 9,English,80.31,75.47,76.91,93.05,15.46,91.67,Medium,78.13
STU_140,Rahul Malhotra,Grade 9,History,77.76,80.02,80.3,78.57,13.53,95.71,Low,71.4
STU_140,Rahul Malhotra,Grade 9,Art,61.84,59.3,56.22,85.87,9.36,88.67,Medium,58.45
STU_141,Sanya Mehta,Grade 10,Math,58.08,64.66,59.51,65.62,3.8,58.73,Medium,56.25
STU_141,Sanya Mehta,Grade 10,Science,69.46,69.48,71.01,60.57,13.88,86.41,High,62.91
STU_141,Sanya Mehta,Grade 10,English,95.33,96.73,90.47,77.62,19.54,67.7,High,84.97
STU_141,Sanya Mehta,Grade 10,History,91.53,95.89,96.27,76.98,24.47,81.29,Medium,88.87
STU_141,Sanya Mehta,Grade 10,Art,66.66,70.41,70.09,84.01,4.37,81.73,Low,62.07
STU_142,Rahul Joshi,Grade 11,Math,91.56,89.66,88.29,73.13,24.39,62.81,Low,86.05
STU_142,Rahul Joshi,Grade 11,Science,97.87,100.0,100.0,95.38,24.15,64.43,Medium,94.89
STU_142,Rahul Joshi,Grade 11,English,61.29,66.68,69.84,77.01,3.18,96.46,Medium,61.41
STU_142,Rahul Joshi,Grade 11,History,95.96,100.0,98.2,73.0,25.75,61.54,Medium,90.76
STU_142,Rahul Joshi,Grade 11,Art,59.69,59.17,59.4,64.49,7.24,94.19,Medium,49.88
STU_143,Rahul Patel,Grade 12,Math,72.96,75.59,73.53,88.68,14.77,86.37,High,70.37
STU_143,Rahul Patel,Grade 12,Science,100.0,100.0,100.0,96.31,29.64,63.31,High,97.45
STU_143,Rahul Patel,Grade 12,English,71.22,71.0,72.26,82.54,6.27,53.41,High,61.6
STU_143,Rahul Patel,Grade 12,History,77.63,81.71,84.97,86.15,12.88,68.82,Medium,73.93
STU_143,Rahul Patel,Grade 12,Art,74.96,71.89,68.0,74.02,10.15,54.12,High,66.01
STU_144,Arjun Joshi,Grade 11,Math,86.95,89.69,82.55,83.47,15.94,75.44,Low,78.36
STU_144,Arjun Joshi,Grade 11,Science,79.27,89.86,96.52,72.97,14.68,59.12,High,83.71
STU_144,Arjun Joshi,Grade 11,English,100.0,100.0,100.0,86.7,28.99,56.07,Medium,96.94
STU_144,Arjun Joshi,Grade 11,History,71.89,76.37,78.42,67.24,15.55,74.07,Low,68.42
STU_144,Arjun Joshi,Grade 11,Art,88.66,94.47,98.82,74.52,19.87,97.58,Low,86.2
STU_145,Ishita Sharma,Grade 9,Math,60.2,59.05,62.08,72.7,9.02,80.28,Medium,57.39
STU_145,Ishita Sharma,Grade 9,Science,64.39,68.48,70.59,70.43,9.93,91.52,Low,61.0
STU_145,Ishita Sharma,Grade 9,English,82.99,84.15,87.87,71.23,23.59,83.82,High,81.08
STU_145,Ishita Sharma,Grade 9,History,81.56,81.43,82.33,91.16,19.37,52.78,Low,79.94
STU_145,Ishita Sharma,Grade 9,Art,60.21,62.12,56.47,96.05,2.8,91.22,High,56.68
STU_146,Sanya Sharma,Grade 10,Math,86.99,85.97,88.59,80.4,24.38,77.63,Low,86.99
STU_146,Sanya Sharma,Grade 10,Science,79.38,74.68,75.66,93.38,14.74,94.1,Low,66.0
STU_146,Sanya Sharma,Grade 10,English,73.03,77.75,77.09,95.44,4.95,52.07,Medium,64.54
STU_146,Sanya Sharma,Grade 10,History,85.1,91.1,94.88,61.82,26.83,84.41,Low,77.63
STU_146,Sanya Sharma,Grade 10,Art,59.98,62.51,66.09,83.54,4.31,90.31,High,59.34
STU_147,Tanisha Reddy,Grade 11,Math,100.0,100.0,100.0,92.27,29.59,50.19,Medium,99.32
STU_147,Tanisha Reddy,Grade 11,Science,60.49,61.09,64.62,69.42,2.08,65.96,Low,54.16
STU_147,Tanisha Reddy,Grade 11,English,70.47,71.45,71.98,95.1,6.35,80.21,Medium,62.39
STU_147,Tanisha Reddy,Grade 11,History,61.81,63.45,56.84,62.12,8.83,60.09,Low,55.07
STU_147,Tanisha Reddy,Grade 11,Art,86.87,91.97,97.32,87.17,16.45,70.15,High,83.79
STU_148,Tanisha Singh,Grade 12,Math,85.0,82.96,85.2,75.26,15.17,71.0,High,78.44
STU_148,Tanisha Singh,Grade 12,Science,74.72,75.49,71.79,74.88,12.12,76.32,Medium,61.97
STU_148,Tanisha Singh,Grade 12,English,58.35,61.84,66.22,61.1,7.43,54.82,Medium,57.36
STU_148,Tanisha Singh,Grade 12,History,73.88,81.19,77.89,96.49,13.2,93.53,Low,76.79
STU_148,Tanisha Singh,Grade 12,Art,55.04,61.96,67.51,81.28,6.51,63.3,Medium,59.32
STU_149,Tanisha Mehta,Grade 9,Math,68.63,62.96,62.44,76.89,8.43,55.73,Medium,61.84
STU_149,Tanisha Mehta,Grade 9,Science,95.81,98.44,95.08,61.99,23.77,92.87,Low,88.49
STU_149,Tanisha Mehta,Grade 9,English,66.39,77.47,79.49,83.34,8.12,62.52,High,65.96
STU_149,Tanisha Mehta,Grade 9,History,67.93,68.95,71.63,96.68,3.32,57.89,High,70.23
STU_149,Tanisha Mehta,Grade 9,Art,98.19,97.89,100.0,91.41,29.57,58.82,Medium,94.77
STU_150,Vikram Kapoor,Grade 11,Math,87.52,82.99,87.51,78.0,24.02,57.8,High,81.58
STU_150,Vikram Kapoor,Grade 11,Science,77.93,82.97,80.83,71.0,16.73,77.07,Medium,72.45
STU_150,Vikram Kapoor,Grade 11,English,67.01,66.48,63.18,93.29,2.96,59.76,Low,58.28
STU_150,Vikram Kapoor,Grade 11,History,76.07,78.2,73.14,75.27,14.86,67.06,High,68.48
STU_150,Vikram Kapoor,Grade 11,Art,67.41,69.33,66.12,78.74,8.38,77.87,Low,57.52
STU_151,Tanisha Kapoor,Grade 12,Math,75.11,77.39,76.67,84.58,15.66,67.09,High,69.95
STU_151,Tanisha Kapoor,Grade 12,Science,93.32,100.0,100.0,97.03,22.14,52.44,Medium,92.66
STU_151,Tanisha Kapoor,Grade 12,English,71.2,73.63,74.66,90.53,3.1,71.32,High,65.6
STU_151,Tanisha Kapoor,Grade 12,History,89.0,83.76,84.74,78.21,19.73,82.92,Low,82.76
STU_151,Tanisha Kapoor,Grade 12,Art,64.76,64.0,73.93,95.85,2.3,92.15,Low,67.01
STU_152,Ishita Mehta,Grade 11,Math,70.5,70.4,73.03,89.75,3.88,91.65,Medium,69.71
STU_152,Ishita Mehta,Grade 11,Science,90.51,91.22,87.92,86.16,20.73,80.27,Low,83.64
STU_152,Ishita Mehta,Grade 11,English,82.71,79.8,86.1,92.68,14.45,55.07,High,74.74
STU_152,Ishita Mehta,Grade 11,History,67.55,67.43,60.64,88.35,4.85,75.18,High,54.93
STU_152,Ishita Mehta,Grade 11,Art,84.58,85.07,86.0,82.68,18.17,86.86,Medium,78.4
STU_153,Arjun Patel,Grade 10,Math,78.78,82.38,78.88,65.05,16.73,81.4,Low,72.57
STU_153,Arjun Patel,Grade 10,Science,62.57,63.78,64.28,65.04,6.63,95.93,High,60.34
STU_153,Arjun Patel,Grade 10,English,64.34,62.61,60.41,96.42,7.24,77.63,Low,60.1
STU_153,Arjun Patel,Grade 10,History,87.41,95.3,94.42,88.53,22.69,78.25,Medium,89.99
STU_153,Arjun Patel,Grade 10,Art,76.79,75.07,75.19,74.44,18.01,83.34,High,72.87
STU_154,Vikram Patel,Grade 11,Math,100.0,100.0,100.0,98.74,28.05,52.2,Low,100.0
STU_154,Vikram Patel,Grade 11,Science,96.41,97.91,96.89,69.73,24.26,56.9,Medium,88.41
STU_154,Vikram Patel,Grade 11,English,79.68,85.5,84.47,64.64,21.31,97.2,Low,78.04
STU_154,Vikram Patel,Grade 11,History,76.17,69.46,69.14,77.12,18.64,88.72,Low,67.32
STU_154,Vikram Patel,Grade 11,Art,100.0,100.0,100.0,97.74,22.39,94.52,Low,92.88
STU_155,Sanya Patel,Grade 11,Math,65.23,72.51,80.66,79.9,8.29,94.46,High,73.89
STU_155,Sanya Patel,Grade 11,Science,65.69,68.33,70.18,90.24,4.21,82.34,Low,63.17
STU_155,Sanya Patel,Grade 11,English,97.36,98.66,98.01,78.76,29.55,75.14,High,89.48
STU_155,Sanya Patel,Grade 11,History,82.64,82.13,82.73,63.57,26.06,96.78,High,77.05
STU_155,Sanya Patel,Grade 11,Art,94.97,94.08,95.02,91.54,22.24,54.96,Low,93.89
STU_156,Tanisha Kapoor,Grade 12,Math,98.18,100.0,100.0,72.08,26.94,57.89,Low,97.17
STU_156,Tanisha Kapoor,Grade 12,Science,97.22,100.0,100.0,81.15,26.57,62.48,High,91.68
STU_156,Tanisha Kapoor,Grade 12,English,79.33,85.35,85.27,64.64,14.39,56.57,Low,67.95
STU_156,Tanisha Kapoor,Grade 12,History,79.86,79.26,77.82,76.23,19.16,96.6,Low,76.9
STU_156,Tanisha Kapoor,Grade 12,Art,93.12,98.71,100.0,78.43,23.14,92.39,Medium,85.37
STU_157,Ishita Kapoor,Grade 9,Math,68.11,69.83,66.65,78.02,10.96,69.72,Medium,64.86
STU_157,Ishita Kapoor,Grade 9,Science,90.18,87.75,87.24,60.96,21.72,78.97,High,79.71
STU_157,Ishita Kapoor,Grade 9,English,95.98,100.0,100.0,89.93,28.22,58.45,High,96.04
STU_157,Ishita Kapoor,Grade 9,History,87.06,93.02,92.51,86.4,23.73,66.83,High,88.17
STU_157,Ishita Kapoor,Grade 9,Art,90.35,94.97,99.31,99.62,21.09,87.06,Medium,94.38
STU_158,Ananya Joshi,Grade 10,Math,89.91,88.37,87.03,85.46,14.3,66.56,Low,80.41
STU_158,Ananya Joshi,Grade 10,Science,63.19,57.7,60.45,97.39,4.92,74.23,Medium,58.75
STU_158,Ananya Joshi,Grade 10,English,70.63,73.21,73.55,65.28,11.23,61.21,Medium,67.76
STU_158,Ananya Joshi,Grade 10,History,59.35,59.55,53.35,76.5,2.02,99.94,High,52.39
STU_158,Ananya Joshi,Grade 10,Art,86.51,88.95,90.05,85.12,19.51,71.58,High,85.39
STU_159,Rohan Kapoor,Grade 11,Math,71.75,71.11,75.4,93.21,13.47,90.97,High,72.49
STU_159,Rohan Kapoor,Grade 11,Science,69.67,71.42,64.33,85.44,15.86,54.26,Low,69.05
STU_159,Rohan Kapoor,Grade 11,English,70.99,71.97,76.4,70.25,5.94,76.91,High,62.48
STU_159,Rohan Kapoor,Grade 11,History,63.62,64.57,59.77,82.21,6.76,64.36,Medium,57.87
STU_159,Rohan Kapoor,Grade 11,Art,88.48,91.2,92.58,65.11,20.6,82.44,High,79.7
STU_160,Vikram Verma,Grade 12,Math,90.6,97.44,92.35,84.44,20.77,77.2,High,89.16
STU_160,Vikram Verma,Grade 12,Science,56.52,61.02,66.63,66.24,4.32,98.82,Low,53.54
STU_160,Vikram Verma,Grade 12,English,76.43,78.21,77.8,85.38,21.08,67.79,Low,76.86
STU_160,Vikram Verma,Grade 12,History,87.05,85.69,84.17,93.94,21.74,90.81,Low,85.72
STU_160,Vikram Verma,Grade 12,Art,53.65,53.3,56.73,77.97,2.7,50.4,High,53.95
STU_161,Rohan Singh,Grade 10,Math,86.47,86.55,86.33,72.57,14.18,81.77,Low,77.99
STU_161,Rohan Singh,Grade 10,Science,73.41,79.82,87.98,62.85,11.11,64.15,Low,73.73
STU_161,Rohan Singh,Grade 10,English,53.39,52.65,51.79,93.06,4.58,97.82,Medium,52.76
STU_161,Rohan Singh,Grade 10,History,79.64,83.63,82.13,99.53,14.19,85.05,Medium,77.7
STU_161,Rohan Singh,Grade 10,Art,62.62,66.04,64.42,62.64,7.67,82.96,Low,52.52
STU_162,Rahul Joshi,Grade 10,Math,72.66,69.87,76.92,69.39,12.5,83.33,Low,66.67
STU_162,Rahul Joshi,Grade 10,Science,94.25,96.56,95.01,90.74,18.54,51.93,High,86.39
STU_162,Rahul Joshi,Grade 10,English,91.57,93.29,93.59,80.59,24.17,68.77,Low,88.27
STU_162,Rahul Joshi,Grade 10,History,81.19,84.18,81.55,83.4,14.44,83.35,Medium,75.66
STU_162,Rahul Joshi,Grade 10,Art,73.74,77.47,75.06,99.31,9.07,61.98,High,65.57
STU_163,Ananya Reddy,Grade 11,Math,70.86,74.31,77.74,83.9,15.2,66.91,High,73.72
STU_163,Ananya Reddy,Grade 11,Science,65.81,74.76,71.08,90.03,3.31,80.46,Low,66.28
STU_163,Ananya Reddy,Grade 11,English,78.96,85.04,87.09,67.03,20.05,99.67,Low,78.57
STU_163,Ananya Reddy,Grade 11,History,83.37,88.83,88.34,68.48,19.15,92.4,High,75.34
STU_163,Ananya Reddy,Grade 11,Art,69.22,78.75,76.46,75.25,6.55,95.77,Low,66.26
STU_164,Rahul Singh,Grade 12,Math,75.9,74.28,69.96,62.25,13.62,53.56,High,69.62
STU_164,Rahul Singh,Grade 12,Science,78.39,86.35,97.4,82.3,16.14,62.34,Medium,83.78
STU_164,Rahul Singh,Grade 12,English,82.8,83.82,84.74,95.95,16.79,89.97,High,86.51
STU_164,Rahul Singh,Grade 12,History,65.98,64.33,67.51,73.89,2.95,50.65,High,61.02
STU_164,Rahul Singh,Grade 12,Art,90.9,95.19,92.56,61.54,26.3,59.84,Low,84.36
STU_165,Tanisha Malhotra,Grade 10,Math,78.2,79.83,79.6,87.62,14.05,64.23,Low,79.66
STU_165,Tanisha Malhotra,Grade 10,Science,96.59,98.17,97.57,82.61,27.82,53.21,Low,95.29
STU_165,Tanisha Malhotra,Grade 10,English,66.79,68.43,68.21,75.15,6.81,88.07,Medium,64.89
STU_165,Tanisha Malhotra,Grade 10,History,66.75,64.41,69.93,90.8,7.09,71.44,Low,68.14
STU_165,Tanisha Malhotra,Grade 10,Art,66.92,71.76,73.81,85.7,5.95,56.94,Low,64.4
STU_166,Rohan Malhotra,Grade 12,Math,66.32,66.01,69.33,82.04,7.03,53.64,Low,64.34
STU_166,Rohan Malhotra,Grade 12,Science,100.0,100.0,100.0,91.61,26.09,66.94,High,95.62
STU_166,Rohan Malhotra,Grade 12,English,74.08,77.43,71.76,75.42,11.57,75.29,Low,65.4
STU_166,Rohan Malhotra,Grade 12,History,72.12,71.73,73.16,63.95,16.64,80.05,High,66.8
STU_166,Rohan Malhotra,Grade 12,Art,81.03,83.96,82.79,60.99,19.78,50.11,Low,75.28
STU_167,Rohan Mehta,Grade 9,Math,62.56,64.93,73.43,61.44,5.88,89.5,Medium,59.49
STU_167,Rohan Mehta,Grade 9,Science,90.7,91.11,97.48,65.6,24.67,63.02,Low,89.46
STU_167,Rohan Mehta,Grade 9,English,83.05,77.21,79.33,93.79,18.71,87.04,High,78.14
STU_167,Rohan Mehta,Grade 9,History,66.74,62.18,61.09,87.55,9.4,62.85,Low,61.76
STU_167,Rohan Mehta,Grade 9,Art,82.47,92.8,95.13,66.44,16.67,65.89,Medium,80.18
STU_168,Ishita Mehta,Grade 12,Math,85.55,84.82,85.61,91.43,12.25,80.59,Low,73.52
STU_168,Ishita Mehta,Grade 12,Science,95.66,96.47,87.55,83.14,20.95,85.59,High,88.98
STU_168,Ishita Mehta,Grade 12,English,96.45,97.84,99.14,71.03,22.92,76.39,High,86.92
STU_168,Ishita Mehta,Grade 12,History,76.33,80.07,80.35,75.59,8.69,67.6,Medium,64.68
STU_168,Ishita Mehta,Grade 12,Art,72.75,75.5,71.38,73.24,13.35,78.7,High,65.71
STU_169,Arjun Verma,Grade 10,Math,70.18,78.44,76.0,60.25,12.23,53.74,Low,67.15
STU_169,Arjun Verma,Grade 10,Science,76.38,80.76,89.07,77.69,18.53,66.63,High,76.51
STU_169,Arjun Verma,Grade 10,English,83.98,88.21,90.03,77.28,20.77,57.17,Medium,86.84
STU_169,Arjun Verma,Grade 10,History,60.01,61.74,66.13,64.23,3.61,94.65,High,62.65
STU_169,Arjun Verma,Grade 10,Art,78.68,78.32,80.81,99.96,13.41,97.93,High,73.73
STU_170,Rahul Mehta,Grade 11,Math,90.34,92.83,97.56,96.16,21.59,98.39,Medium,90.84
STU_170,Rahul Mehta,Grade 11,Science,90.58,93.29,100.0,74.51,22.37,63.47,Low,89.72
STU_170,Rahul Mehta,Grade 11,English,74.49,75.72,73.96,91.62,12.01,70.99,Medium,71.99
STU_170,Rahul Mehta,Grade 11,History,100.0,100.0,100.0,93.34,26.39,98.41,High,97.47
STU_170,Rahul Mehta,Grade 11,Art,76.45,84.73,85.88,79.49,17.76,73.45,Low,78.41
STU_171,Ishita Verma,Grade 12,Math,70.55,73.27,68.69,63.01,14.66,79.84,Medium,62.76
STU_171,Ishita Verma,Grade 12,Science,68.45,66.87,66.51,82.79,10.95,76.7,Medium,59.6
STU_171,Ishita Verma,Grade 12,English,83.31,83.78,91.09,84.41,21.75,89.87,High,79.27
STU_171,Ishita Verma,Grade 12,History,100.0,100.0,100.0,95.85,27.83,86.28,Low,97.76
STU_171,Ishita Verma,Grade 12,Art,100.0,100.0,100.0,63.56,29.22,78.75,Low,93.63
STU_172,Arjun Sharma,Grade 11,Math,78.89,82.69,86.5,91.09,15.89,87.67,High,76.51
STU_172,Arjun Sharma,Grade 11,Science,87.45,89.8,92.16,79.6,19.83,65.64,Medium,73.49
STU_172,Arjun Sharma,Grade 11,English,77.51,78.11,73.69,98.87,8.72,51.18,Low,66.25
STU_172,Arjun Sharma,Grade 11,History,97.44,99.29,97.39,80.55,27.63,92.71,Medium,86.27
STU_172,Arjun Sharma,Grade 11,Art,78.2,79.91,83.57,98.72,9.32,72.17,Medium,78.04
STU_173,Arjun Joshi,Grade 11,Math,83.7,87.61,85.52,99.3,18.53,79.98,Low,83.3
STU_173,Arjun Joshi,Grade 11,Science,100.0,100.0,100.0,91.75,28.41,78.63,Low,93.02
STU_173,Arjun Joshi,Grade 11,English,74.85,75.81,73.08,60.63,22.7,83.12,Low,70.62
STU_173,Arjun Joshi,Grade 11,History,93.51,100.0,100.0,93.63,17.83,61.14,High,93.86
STU_173,Arjun Joshi,Grade 11,Art,58.84,61.62,60.0,68.39,5.05,92.07,Low,51.7
STU_174,Sanya Singh,Grade 12,Math,90.39,96.51,99.19,87.52,24.06,78.28,Low,90.74
STU_174,Sanya Singh,Grade 12,Science,64.97,72.22,67.04,90.79,6.8,94.11,High,68.6
STU_174,Sanya Singh,Grade 12,English,70.7,74.22,65.35,91.16,4.67,86.75,Medium,63.41
STU_174,Sanya Singh,Grade 12,History,53.57,56.54,63.56,90.19,3.27,55.9,Low,66.22
STU_174,Sanya Singh,Grade 12,Art,94.85,98.03,94.77,64.33,28.77,64.54,Medium,89.35
STU_175,Priya Patel,Grade 9,Math,88.19,89.55,93.35,88.81,17.46,64.13,High,82.44
STU_175,Priya Patel,Grade 9,Science,64.26,69.47,73.16,79.45,8.49,60.41,Medium,72.78
STU_175,Priya Patel,Grade 9,English,90.77,86.67,84.83,74.76,19.2,75.83,High,78.76
STU_175,Priya Patel,Grade 9,History,71.95,69.72,66.83,90.17,13.86,65.72,Low,64.08
STU_175,Priya Patel,Grade 9,Art,88.28,90.1,95.66,68.3,24.53,91.44,Low,87.44
STU_176,Priya Singh,Grade 10,Math,98.18,99.4,98.3,95.16,26.52,56.77,High,88.13
STU_176,Priya Singh,Grade 10,Science,66.12,67.94,66.27,76.14,4.63,85.31,Low,58.64
STU_176,Priya Singh,Grade 10,English,100.0,100.0,100.0,87.89,27.07,52.1,High,93.31
STU_176,Priya Singh,Grade 10,History,75.32,75.65,80.07,69.43,13.65,65.18,Low,69.74
STU_176,Priya Singh,Grade 10,Art,66.98,67.9,69.45,60.0,9.84,75.57,Medium,65.19
STU_177,Siddharth Patel,Grade 9,Math,98.09,100.0,100.0,72.52,26.54,66.04,High,92.78
STU_177,Siddharth Patel,Grade 9,Science,83.9,88.44,90.11,79.06,17.14,54.11,Low,80.1
STU_177,Siddharth Patel,Grade 9,English,95.06,96.73,100.0,84.39,24.08,84.97,Low,95.64
STU_177,Siddharth Patel,Grade 9,History,68.15,68.94,73.52,67.93,10.56,69.25,Medium,64.84
STU_177,Siddharth Patel,Grade 9,Art,100.0,100.0,100.0,97.7,25.58,52.3,Low,100.0
STU_178,Siddharth Verma,Grade 9,Math,83.81,86.4,90.57,71.05,15.9,89.54,Low,78.03
STU_178,Siddharth Verma,Grade 9,Science,64.7,66.14,62.35,79.32,7.57,88.88,Low,50.99
STU_178,Siddharth Verma,Grade 9,English,98.14,96.4,98.2,70.53,27.23,55.29,High,90.93
STU_178,Siddharth Verma,Grade 9,History,95.63,93.87,95.96,76.79,24.34,80.77,Low,85.76
STU_178,Siddharth Verma,Grade 9,Art,99.41,100.0,100.0,74.75,29.58,67.35,Medium,97.51
STU_179,Tanisha Mehta,Grade 11,Math,69.36,70.35,75.13,70.31,14.68,57.25,Medium,64.83
STU_179,Tanisha Mehta,Grade 11,Science,55.82,58.65,64.0,60.02,7.13,60.74,Low,59.85
STU_179,Tanisha Mehta,Grade 11,English,94.19,92.77,93.58,85.37,28.95,74.83,High,91.11
STU_179,Tanisha Mehta,Grade 11,History,93.91,92.81,98.29,80.59,25.92,72.06,Low,94.13
STU_179,Tanisha Mehta,Grade 11,Art,100.0,100.0,100.0,96.75,27.49,73.3,High,97.72
STU_180,Arjun Malhotra,Grade 10,Math,100.0,100.0,100.0,86.2,29.59,53.72,Low,95.35
STU_180,Arjun Malhotra,Grade 10,Science,77.52,81.37,79.53,78.09,14.43,83.95,Medium,71.74
STU_180,Arjun Malhotra,Grade 10,English,100.0,100.0,100.0,98.56,28.94,86.82,Low,100.0
STU_180,Arjun Malhotra,Grade 10,History,100.0,100.0,100.0,86.9,28.17,77.23,Low,93.05
STU_180,Arjun Malhotra,Grade 10,Art,98.86,100.0,96.97,78.23,25.77,68.45,Medium,89.77
STU_181,Rahul Singh,Grade 9,Math,78.03,75.16,73.75,86.33,11.53,64.97,Low,72.8
STU_181,Rahul Singh,Grade 9,Science,67.87,69.8,74.63,65.17,10.44,97.77,Low,63.49
STU_181,Rahul Singh,Grade 9,English,97.99,100.0,100.0,82.2,26.67,67.63,Low,92.81
STU_181,Rahul Singh,Grade 9,History,77.22,75.84,71.93,68.39,11.32,85.19,Low,68.17
STU_181,Rahul Singh,Grade 9,Art,74.07,78.83,83.25,98.58,8.41,69.07,High,74.15
STU_182,Priya Reddy,Grade 9,Math,58.7,57.54,58.77,85.93,7.44,67.73,Low,53.53
STU_182,Priya Reddy,Grade 9,Science,70.09,72.5,67.84,73.24,10.41,94.08,Medium,69.97
STU_182,Priya Reddy,Grade 9,English,84.81,82.3,89.31,91.17,18.38,67.08,Medium,79.58
STU_182,Priya Reddy,Grade 9,History,82.76,85.91,86.26,93.66,16.03,85.39,Medium,78.88
STU_182,Priya Reddy,Grade 9,Art,79.67,81.76,79.99,60.42,19.03,66.01,Medium,72.89
STU_183,Ishita Gupta,Grade 9,Math,92.59,96.22,95.02,90.25,25.61,80.56,Medium,92.53
STU_183,Ishita Gupta,Grade 9,Science,85.59,84.64,86.19,60.1,25.06,60.87,Low,81.35
STU_183,Ishita Gupta,Grade 9,English,70.93,70.52,72.98,93.65,8.28,92.85,Low,65.13
STU_183,Ishita Gupta,Grade 9,History,99.32,100.0,100.0,62.3,29.4,64.83,Medium,96.18
STU_183,Ishita Gupta,Grade 9,Art,74.76,79.37,79.09,93.0,7.26,94.71,Low,67.73
STU_184,Priya Patel,Grade 10,Math,64.68,65.01,62.72,75.84,6.49,52.63,High,53.6
STU_184,Priya Patel,Grade 10,Science,53.41,49.88,50.99,69.57,5.66,57.87,Low,52.85
STU_184,Priya Patel,Grade 10,English,69.08,67.47,65.86,70.53,6.82,58.93,Medium,63.38
STU_184,Priya Patel,Grade 10,History,79.87,77.17,79.38,97.47,18.72,68.09,Low,86.58
STU_184,Priya Patel,Grade 10,Art,87.45,92.57,93.5,81.13,16.75,63.01,Low,83.98
STU_185,Sanya Sharma,Grade 10,Math,90.98,92.12,91.02,75.5,22.38,81.68,Medium,82.36
STU_185,Sanya Sharma,Grade 10,Science,84.0,86.05,93.06,68.92,22.23,93.18,High,80.54
STU_185,Sanya Sharma,Grade 10,English,85.07,83.46,83.96,74.55,20.35,57.99,Medium,82.58
STU_185,Sanya Sharma,Grade 10,History,72.17,76.06,80.0,88.28,6.74,60.64,Medium,76.7
STU_185,Sanya Sharma,Grade 10,Art,91.44,97.52,98.37,72.79,27.26,90.36,Low,93.11
STU_186,Arjun Mehta,Grade 11,Math,93.97,95.64,100.0,88.56,29.03,94.32,Low,93.85
STU_186,Arjun Mehta,Grade 11,Science,77.92,78.98,82.6,61.4,13.31,56.5,Medium,71.61
STU_186,Arjun Mehta,Grade 11,English,71.81,73.29,76.75,70.13,13.06,51.32,Low,70.42
STU_186,Arjun Mehta,Grade 11,History,100.0,100.0,100.0,96.31,29.56,54.99,High,99.97
STU_186,Arjun Mehta,Grade 11,Art,73.8,71.94,76.06,73.46,6.08,67.23,Medium,64.62
STU_187,Tanisha Reddy,Grade 11,Math,83.91,85.77,83.44,84.69,18.02,77.95,Medium,80.82
STU_187,Tanisha Reddy,Grade 11,Science,93.38,95.42,93.51,91.65,22.23,58.44,Low,85.7
STU_187,Tanisha Reddy,Grade 11,English,93.16,93.14,91.44,70.17,22.88,84.63,Low,83.76
STU_187,Tanisha Reddy,Grade 11,History,100.0,100.0,100.0,93.74,29.61,88.32,Low,90.74
STU_187,Tanisha Reddy,Grade 11,Art,100.0,100.0,100.0,95.63,27.19,94.25,Medium,92.27
STU_188,Sanya Sharma,Grade 11,Math,100.0,100.0,100.0,92.78,28.26,81.73,Low,95.56
STU_188,Sanya Sharma,Grade 11,Science,87.79,84.91,86.42,67.01,21.23,91.69,Medium,84.92
STU_188,Sanya Sharma,Grade 11,English,66.08,68.76,69.94,77.29,4.25,87.42,High,62.58
STU_188,Sanya Sharma,Grade 11,History,96.07,98.56,100.0,95.23,29.37,73.15,Low,95.22
STU_188,Sanya Sharma,Grade 11,Art,57.9,62.06,55.46,89.06,2.83,65.17,Medium,52.83
STU_189,Arjun Malhotra,Grade 11,Math,66.91,63.37,63.32,69.35,4.06,77.67,High,54.28
STU_189,Arjun Malhotra,Grade 11,Science,62.85,62.96,65.8,74.38,4.57,95.72,Low,57.66
STU_189,Arjun Malhotra,Grade 11,English,75.91,79.89,89.31,70.28,14.85,63.75,Medium,74.4
STU_189,Arjun Malhotra,Grade 11,History,100.0,100.0,100.0,94.27,24.44,69.76,High,99.29
STU_189,Arjun Malhotra,Grade 11,Art,93.95,91.43,92.66,63.22,28.65,95.36,Medium,84.41
STU_190,Vikram Singh,Grade 12,Math,68.91,72.57,61.15,90.13,7.66,59.28,Low,61.22
STU_190,Vikram Singh,Grade 12,Science,74.04,80.13,77.51,69.83,9.77,83.51,Low,67.17
STU_190,Vikram Singh,Grade 12,English,78.46,83.52,89.56,84.36,14.54,66.4,Low,78.35
STU_190,Vikram Singh,Grade 12,History,89.13,91.8,97.48,76.28,21.56,88.32,High,90.09
STU_190,Vikram Singh,Grade 12,Art,96.39,100.0,99.58,91.85,28.45,88.17,High,95.91
STU_191,Priya Mehta,Grade 10,Math,77.51,77.29,73.16,91.49,6.5,66.33,Low,65.81
STU_191,Priya Mehta,Grade 10,Science,70.93,69.6,63.39,84.51,8.27,54.46,Medium,64.3
STU_191,Priya Mehta,Grade 10,English,76.69,78.63,76.62,67.88,16.03,89.41,Medium,69.4
STU_191,Priya Mehta,Grade 10,History,94.54,98.87,95.61,67.1,25.63,74.39,Medium,90.49
STU_191,Priya Mehta,Grade 10,Art,93.93,99.39,98.5,97.31,19.63,89.87,Medium,89.48
STU_192,Siddharth Sharma,Grade 12,Math,77.54,79.5,83.23,92.84,17.11,76.55,Medium,80.69
STU_192,Siddharth Sharma,Grade 12,Science,83.17,87.93,97.04,81.76,26.49,99.15,Medium,88.38
STU_192,Siddharth Sharma,Grade 12,English,84.91,84.63,95.52,72.94,23.45,84.99,Medium,87.2
STU_192,Siddharth Sharma,Grade 12,History,95.04,100.0,92.8,67.96,28.44,62.3,High,87.35
STU_192,Siddharth Sharma,Grade 12,Art,65.16,67.6,72.08,78.2,3.93,96.05,High,61.99
STU_193,Tanisha Kapoor,Grade 11,Math,68.51,71.09,74.17,74.88,8.87,52.47,Medium,65.55
STU_193,Tanisha Kapoor,Grade 11,Science,67.92,66.8,65.22,91.91,7.91,99.94,Low,62.88
STU_193,Tanisha Kapoor,Grade 11,English,72.24,68.56,71.34,80.64,12.59,74.92,Low,67.96
STU_193,Tanisha Kapoor,Grade 11,History,72.69,79.85,81.39,83.24,4.89,50.21,Medium,72.7
STU_193,Tanisha Kapoor,Grade 11,Art,80.36,82.66,80.16,99.36,17.2,76.45,Low,77.91
STU_194,Ananya Malhotra,Grade 11,Math,77.26,86.01,89.58,68.4,14.26,51.17,Medium,73.73
STU_194,Ananya Malhotra,Grade 11,Science,98.31,98.2,96.16,92.9,24.12,77.69,Medium,89.97
STU_194,Ananya Malhotra,Grade 11,English,83.83,89.18,96.26,81.51,20.13,63.11,Medium,86.04
STU_194,Ananya Malhotra,Grade 11,History,86.97,90.74,97.1,89.71,22.4,90.87,Low,88.57
STU_194,Ananya Malhotra,Grade 11,Art,62.93,66.0,64.08,63.94,4.29,73.63,Medium,53.26
STU_195,Ishita Singh,Grade 9,Math,59.49,67.4,71.32,80.07,4.78,62.1,Low,62.27
STU_195,Ishita Singh,Grade 9,Science,92.67,92.62,96.37,82.16,24.72,87.98,Medium,86.38
STU_195,Ishita Singh,Grade 9,English,85.85,87.15,89.4,75.95,20.65,62.99,Medium,84.57
STU_195,Ishita Singh,Grade 9,History,60.33,63.18,63.08,89.45,4.68,63.58,Low,61.94
STU_195,Ishita Singh,Grade 9,Art,92.62,90.68,88.99,65.48,22.68,56.81,High,83.73
STU_196,Ananya Singh,Grade 10,Math,83.47,81.38,77.26,98.16,17.29,50.04,Low,79.02
STU_196,Ananya Singh,Grade 10,Science,100.0,100.0,100.0,85.58,28.61,54.99,Medium,95.53
STU_196,Ananya Singh,Grade 10,English,87.4,93.44,95.15,80.24,19.69,82.16,High,80.67
STU_196,Ananya Singh,Grade 10,History,71.41,71.79,71.28,80.73,13.38,79.9,Medium,64.95
STU_196,Ananya Singh,Grade 10,Art,86.01,89.71,88.78,82.34,22.31,97.53,Medium,84.51
STU_197,Vikram Joshi,Grade 9,Math,86.18,83.16,85.99,75.28,21.15,83.46,High,78.96
STU_197,Vikram Joshi,Grade 9,Science,60.43,64.58,61.21,80.34,4.1,65.88,Low,54.27
STU_197,Vikram Joshi,Grade 9,English,54.5,58.44,58.46,67.78,7.38,71.09,Low,53.18
STU_197,Vikram Joshi,Grade 9,History,60.29,65.97,59.17,81.41,5.01,73.76,Medium,55.66
STU_197,Vikram Joshi,Grade 9,Art,95.57,100.0,100.0,62.71,26.29,97.13,Medium,88.74
STU_198,Rahul Verma,Grade 11,Math,90.98,95.8,94.28,76.87,21.37,77.7,High,88.41
STU_198,Rahul Verma,Grade 11,Science,86.67,83.97,84.62,90.24,23.63,74.5,Medium,84.36
STU_198,Rahul Verma,Grade 11,English,91.46,96.64,90.55,97.11,19.95,74.19,Medium,86.85
STU_198,Rahul Verma,Grade 11,History,96.05,97.49,100.0,99.41,24.69,86.46,Medium,99.09
STU_198,Rahul Verma,Grade 11,Art,63.21,65.81,61.62,82.18,3.22,90.11,Low,57.24
STU_199,Vikram Gupta,Grade 11,Math,87.59,88.97,85.27,69.25,24.09,81.83,Low,83.61
STU_199,Vikram Gupta,Grade 11,Science,73.12,76.76,75.02,70.9,15.26,71.92,High,72.3
STU_199,Vikram Gupta,Grade 11,English,99.97,100.0,100.0,70.97,29.56,88.4,Low,91.12
STU_199,Vikram Gupta,Grade 11,History,90.06,90.48,96.76,90.75,25.54,60.09,High,90.72
STU_199,Vikram Gupta,Grade 11,Art,88.3,91.14,85.97,61.0,25.18,95.97,Low,81.48
STU_200,Sanya Reddy,Grade 12,Math,98.27,100.0,100.0,66.87,24.63,57.74,Low,87.42
STU_200,Sanya Reddy,Grade 12,Science,65.58,69.91,64.55,64.02,8.89,75.31,High,60.4
STU_200,Sanya Reddy,Grade 12,English,79.95,83.57,84.5,94.15,13.51,64.71,Medium,77.87
STU_200,Sanya Reddy,Grade 12,History,83.13,82.57,81.86,69.82,19.78,79.5,Low,75.01
STU_200,Sanya Reddy,Grade 12,Art,74.63,83.59,84.78,72.81,8.54,64.03,High,78.29
